,Bezeichnung Bohrung,Klassifizierung nach Grenzlehrdorn,Klassifizierung nach Messchraube,Klassifizierung nach Messtaster,Messwert Innenmessschraube,Messwert Messtaster,Unnamed: 0,Unnamed: 6
0,,i.O.,i.O.,n.i.O.,12.015999999999998,12.019,0.0,
1,,i.O.,i.O.,i.O.,12.015999999999998,12.017999999999999,1.0,
2,,i.O.,i.O.,i.O.,12.015999999999998,12.015,2.0,
3,,i.O.,i.O.,i.O.,12.015999999999998,12.015,3.0,
4,,i.O.,i.O.,i.O.,12.015999999999998,12.015,4.0,
5,,i.O.,i.O.,i.O.,12.015999999999998,12.015999999999998,5.0,
6,,i.O.,i.O.,i.O.,12.015999999999998,12.015999999999998,6.0,
7,,i.O.,i.O.,i.O.,12.015999999999998,12.017000000000001,7.0,
8,,i.O.,i.O.,i.O.,12.015,12.015999999999998,8.0,
9,,i.O.,i.O.,n.i.O.,12.015,12.019,9.0,
10,,i.O.,i.O.,n.i.O.,12.015,12.019,10.0,
11,,i.O.,i.O.,n.i.O.,12.015,12.019,11.0,
12,,i.O.,i.O.,i.O.,12.015,12.017999999999999,12.0,
13,,i.O.,i.O.,n.i.O.,12.014000000000001,12.019,13.0,
14,,i.O.,i.O.,n.i.O.,12.015,12.019,14.0,
15,,i.O.,i.O.,i.O.,12.014000000000001,12.017000000000001,15.0,
16,,i.O.,i.O.,i.O.,12.015,12.017000000000001,16.0,
17,,i.O.,i.O.,n.i.O.,12.015,12.020999999999999,17.0,
18,,i.O.,i.O.,n.i.O.,12.014000000000001,12.020999999999999,18.0,
19,,i.O.,i.O.,n.i.O.,12.014000000000001,12.020999999999999,19.0,
20,,i.O.,i.O.,i.O.,12.014000000000001,12.015999999999998,20.0,
21,,i.O.,i.O.,i.O.,12.014000000000001,12.017000000000001,21.0,
22,,i.O.,i.O.,n.i.O.,12.014000000000001,12.02,22.0,
23,,i.O.,i.O.,i.O.,12.014000000000001,12.017000000000001,23.0,
24,,i.O.,i.O.,n.i.O.,12.014000000000001,12.019,24.0,
25,,i.O.,i.O.,n.i.O.,12.014000000000001,12.019,25.0,
26,,i.O.,i.O.,n.i.O.,12.014000000000001,12.019,26.0,
27,,i.O.,i.O.,n.i.O.,12.014000000000001,12.019,27.0,
28,,i.O.,i.O.,n.i.O.,12.014000000000001,12.019,28.0,
29,,i.O.,i.O.,i.O.,12.014000000000001,12.017999999999999,29.0,
30,,i.O.,i.O.,n.i.O.,12.014000000000001,12.019,30.0,
31,,i.O.,i.O.,i.O.,12.014000000000001,12.015999999999998,31.0,
32,,i.O.,i.O.,i.O.,12.014000000000001,12.017999999999999,32.0,
33,,i.O.,i.O.,n.i.O.,12.013,12.02,33.0,
34,,i.O.,i.O.,i.O.,12.014000000000001,12.017999999999999,34.0,
35,,i.O.,i.O.,n.i.O.,12.014000000000001,12.019,35.0,
36,,i.O.,i.O.,n.i.O.,12.014000000000001,12.019,36.0,
37,,i.O.,i.O.,i.O.,12.014000000000001,12.017000000000001,37.0,
38,,i.O.,i.O.,n.i.O.,12.014000000000001,12.02,38.0,
39,,i.O.,i.O.,i.O.,12.014000000000001,12.015999999999998,39.0,
40,,i.O.,i.O.,i.O.,12.014000000000001,12.017999999999999,40.0,
41,,i.O.,i.O.,n.i.O.,12.015,12.019,41.0,
42,,i.O.,i.O.,n.i.O.,12.014000000000001,12.02,42.0,
43,,i.O.,i.O.,i.O.,12.015,12.017999999999999,43.0,
44,,i.O.,i.O.,n.i.O.,12.015,12.020999999999999,44.0,
45,,i.O.,i.O.,n.i.O.,12.014000000000001,12.020999999999999,45.0,
46,,i.O.,i.O.,i.O.,12.015,12.017999999999999,46.0,
47,,i.O.,i.O.,n.i.O.,12.015,12.019,47.0,
48,,i.O.,i.O.,n.i.O.,12.014000000000001,12.019,48.0,
49,,i.O.,i.O.,i.O.,12.014000000000001,12.015,49.0,
50,,i.O.,i.O.,i.O.,12.015,12.015,50.0,
51,,i.O.,i.O.,i.O.,12.015,12.017000000000001,51.0,
52,,i.O.,i.O.,i.O.,12.014000000000001,12.015,52.0,
53,,i.O.,i.O.,i.O.,12.015,12.017999999999999,53.0,
54,,i.O.,i.O.,n.i.O.,12.015,12.02,54.0,
55,,i.O.,i.O.,n.i.O.,12.015,12.019,55.0,
56,,i.O.,i.O.,i.O.,12.015,12.017000000000001,56.0,
57,,i.O.,i.O.,i.O.,12.015,12.017999999999999,57.0,
58,,i.O.,i.O.,n.i.O.,12.015,12.019,58.0,
59,,i.O.,i.O.,n.i.O.,12.015,12.02,59.0,
60,,i.O.,i.O.,n.i.O.,12.015,12.020999999999999,60.0,
61,,i.O.,i.O.,i.O.,12.015,12.017999999999999,61.0,
62,,i.O.,i.O.,n.i.O.,12.015,12.019,62.0,
63,,i.O.,i.O.,n.i.O.,12.015,12.019,63.0,
64,,i.O.,i.O.,i.O.,12.015,12.017999999999999,64.0,
65,,i.O.,i.O.,n.i.O.,12.015,12.02,65.0,
66,,i.O.,i.O.,n.i.O.,12.015,12.020999999999999,66.0,
67,,i.O.,i.O.,n.i.O.,12.015,12.019,67.0,
68,,i.O.,i.O.,n.i.O.,12.015,12.02,68.0,
69,,i.O.,i.O.,n.i.O.,12.014000000000001,12.02,69.0,
70,,i.O.,i.O.,i.O.,12.015,12.017999999999999,70.0,
71,,i.O.,i.O.,n.i.O.,12.015999999999998,12.019,71.0,
72,,i.O.,i.O.,n.i.O.,12.015,12.02,72.0,
73,,i.O.,i.O.,i.O.,12.015,12.017999999999999,73.0,
74,,i.O.,i.O.,i.O.,12.015,12.017999999999999,74.0,
75,,i.O.,i.O.,i.O.,12.015999999999998,12.017999999999999,75.0,
76,,i.O.,i.O.,i.O.,12.015,12.017999999999999,76.0,
77,,i.O.,i.O.,i.O.,12.015,12.017000000000001,77.0,
78,,i.O.,i.O.,i.O.,12.015,12.017999999999999,78.0,
79,,i.O.,i.O.,i.O.,12.015999999999998,12.017999999999999,79.0,
80,,i.O.,i.O.,n.i.O.,12.012,12.020999999999999,405.0,
81,,i.O.,i.O.,n.i.O.,12.013,12.022,406.0,
82,,i.O.,i.O.,n.i.O.,12.013,12.02,407.0,
83,,i.O.,i.O.,i.O.,12.011,12.017000000000001,408.0,
84,,i.O.,i.O.,n.i.O.,12.013,12.020999999999999,409.0,
85,,i.O.,i.O.,n.i.O.,12.012,12.019,410.0,
86,,i.O.,i.O.,n.i.O.,12.012,12.022,411.0,
87,,i.O.,i.O.,i.O.,12.012,12.017999999999999,412.0,
88,,i.O.,i.O.,n.i.O.,12.014000000000001,12.023,413.0,
89,,i.O.,i.O.,n.i.O.,12.012,12.022,414.0,
90,,i.O.,i.O.,n.i.O.,12.012,12.022,415.0,
91,,i.O.,i.O.,n.i.O.,12.013,12.022,416.0,
92,,i.O.,i.O.,i.O.,12.013,12.017000000000001,417.0,
93,,i.O.,i.O.,i.O.,12.011,12.017999999999999,418.0,
94,,i.O.,i.O.,n.i.O.,12.011,12.020999999999999,419.0,
95,,i.O.,i.O.,n.i.O.,12.012,12.020999999999999,420.0,
96,,i.O.,i.O.,n.i.O.,12.012,12.020999999999999,421.0,
97,,i.O.,i.O.,i.O.,12.012,12.017999999999999,422.0,
98,,i.O.,i.O.,n.i.O.,12.012,12.019,423.0,
99,,i.O.,i.O.,n.i.O.,12.012,12.022,424.0,
100,,i.O.,i.O.,n.i.O.,12.012,12.02,425.0,
101,,i.O.,i.O.,n.i.O.,12.012,12.022,426.0,
102,,i.O.,i.O.,n.i.O.,12.013,12.020999999999999,427.0,
103,,i.O.,i.O.,n.i.O.,12.012,12.024000000000001,428.0,
104,,i.O.,i.O.,n.i.O.,12.011,12.023,429.0,
105,,i.O.,i.O.,n.i.O.,12.011,12.020999999999999,430.0,
106,,i.O.,i.O.,n.i.O.,12.012,12.022,431.0,
107,,i.O.,i.O.,n.i.O.,12.012,12.026,432.0,
108,,i.O.,i.O.,n.i.O.,12.011,12.02,433.0,
109,,i.O.,i.O.,n.i.O.,12.011,12.020999999999999,434.0,
110,,i.O.,i.O.,i.O.,12.011,12.017000000000001,435.0,
111,,i.O.,i.O.,n.i.O.,12.01,12.02,436.0,
112,,i.O.,i.O.,i.O.,12.011,12.017000000000001,437.0,
113,,i.O.,i.O.,n.i.O.,12.01,12.019,438.0,
114,,i.O.,i.O.,n.i.O.,12.011,12.02,439.0,
115,,i.O.,i.O.,i.O.,12.012,12.017999999999999,440.0,
116,,i.O.,i.O.,n.i.O.,12.012,12.023,441.0,
117,,i.O.,i.O.,n.i.O.,12.011,12.02,442.0,
118,,i.O.,i.O.,n.i.O.,12.013,12.022,443.0,
119,,i.O.,i.O.,n.i.O.,12.013,12.02,444.0,
120,,i.O.,i.O.,n.i.O.,12.012,12.02,445.0,
121,,i.O.,i.O.,n.i.O.,12.012,12.020999999999999,446.0,
122,,i.O.,i.O.,n.i.O.,12.011,12.02,447.0,
123,,i.O.,i.O.,n.i.O.,12.012,12.019,448.0,
124,,i.O.,i.O.,n.i.O.,12.012,12.019,449.0,
125,,i.O.,i.O.,n.i.O.,12.011,12.020999999999999,450.0,
126,,i.O.,i.O.,i.O.,12.011,12.017999999999999,451.0,
127,,i.O.,i.O.,n.i.O.,12.011,12.020999999999999,452.0,
128,,i.O.,i.O.,n.i.O.,12.012,12.02,453.0,
129,,i.O.,i.O.,n.i.O.,12.012,12.02,454.0,
130,,i.O.,i.O.,n.i.O.,12.011,12.019,455.0,
131,,i.O.,i.O.,n.i.O.,12.011,12.020999999999999,456.0,
132,,i.O.,i.O.,i.O.,12.011,12.017999999999999,457.0,
133,,i.O.,i.O.,n.i.O.,12.01,12.020999999999999,458.0,
134,,i.O.,i.O.,n.i.O.,12.011,12.02,459.0,
135,,i.O.,i.O.,n.i.O.,12.01,12.023,460.0,
136,,i.O.,i.O.,i.O.,12.01,12.017000000000001,461.0,
137,,i.O.,i.O.,i.O.,12.01,12.017000000000001,462.0,
138,,i.O.,i.O.,i.O.,12.011,12.017999999999999,463.0,
139,,i.O.,i.O.,i.O.,12.01,12.017000000000001,464.0,
140,,i.O.,i.O.,n.i.O.,12.01,12.02,465.0,
141,,i.O.,i.O.,i.O.,12.01,12.015,466.0,
142,,i.O.,i.O.,n.i.O.,12.011,12.023,467.0,
143,,i.O.,i.O.,n.i.O.,12.011,12.019,468.0,
144,,i.O.,i.O.,n.i.O.,12.012,12.023,469.0,
145,,i.O.,i.O.,n.i.O.,12.01,12.019,470.0,
146,,i.O.,i.O.,n.i.O.,12.011,12.020999999999999,471.0,
147,,i.O.,i.O.,i.O.,12.01,12.015999999999998,472.0,
148,,i.O.,i.O.,n.i.O.,12.01,12.020999999999999,473.0,
149,,i.O.,i.O.,n.i.O.,12.011,12.022,474.0,
150,,i.O.,i.O.,n.i.O.,12.01,12.020999999999999,475.0,
151,,i.O.,i.O.,i.O.,12.01,12.017999999999999,476.0,
152,,i.O.,i.O.,n.i.O.,12.011,12.019,477.0,
153,,i.O.,i.O.,i.O.,12.012,12.015999999999998,478.0,
154,,i.O.,i.O.,n.i.O.,12.012,12.019,479.0,
155,,i.O.,i.O.,n.i.O.,12.012,12.019,480.0,
156,,i.O.,i.O.,i.O.,12.011,12.017999999999999,481.0,
157,,i.O.,i.O.,n.i.O.,12.011,12.023,482.0,
158,,i.O.,i.O.,i.O.,12.011,12.017999999999999,483.0,
159,,i.O.,i.O.,n.i.O.,12.011,12.019,484.0,
160,,i.O.,i.O.,n.i.O.,12.013,12.019,485.0,
161,,i.O.,i.O.,n.i.O.,12.012,12.02,567.0,
162,,i.O.,i.O.,n.i.O.,12.014000000000001,12.023,568.0,
163,,i.O.,i.O.,n.i.O.,12.013,12.025,569.0,
164,,i.O.,i.O.,n.i.O.,12.013,12.020999999999999,570.0,
165,,i.O.,i.O.,n.i.O.,12.012,12.022,571.0,
166,,i.O.,i.O.,i.O.,12.013,12.017999999999999,572.0,
167,,i.O.,i.O.,n.i.O.,12.013,12.020999999999999,573.0,
168,,i.O.,i.O.,n.i.O.,12.012,12.019,574.0,
169,,i.O.,i.O.,n.i.O.,12.013,12.026,575.0,
170,,i.O.,i.O.,n.i.O.,12.012,12.020999999999999,576.0,
171,,i.O.,i.O.,n.i.O.,12.013,12.02,577.0,
172,,i.O.,i.O.,n.i.O.,12.013,12.019,578.0,
173,,i.O.,i.O.,i.O.,12.012,12.017999999999999,579.0,
174,,i.O.,i.O.,n.i.O.,12.012,12.019,580.0,
175,,i.O.,i.O.,i.O.,12.012,12.017999999999999,581.0,
176,,i.O.,i.O.,n.i.O.,12.013,12.019,582.0,
177,,i.O.,i.O.,n.i.O.,12.014000000000001,12.02,583.0,
178,,i.O.,i.O.,n.i.O.,12.013,12.023,584.0,
179,,i.O.,i.O.,n.i.O.,12.013,12.030999999999999,585.0,
180,,i.O.,i.O.,n.i.O.,12.013,12.020999999999999,586.0,
181,,i.O.,i.O.,n.i.O.,12.011,12.022,587.0,
182,,i.O.,i.O.,n.i.O.,12.012,12.022,588.0,
183,,i.O.,i.O.,n.i.O.,12.013,12.020999999999999,589.0,
184,,i.O.,i.O.,n.i.O.,12.013,12.020999999999999,590.0,
185,,i.O.,i.O.,n.i.O.,12.014000000000001,12.023,591.0,
186,,i.O.,i.O.,n.i.O.,12.012,12.020999999999999,592.0,
187,,i.O.,i.O.,n.i.O.,12.013,12.020999999999999,593.0,
188,,i.O.,i.O.,n.i.O.,12.014000000000001,12.019,594.0,
189,,i.O.,i.O.,n.i.O.,12.013,12.020999999999999,595.0,
190,,i.O.,i.O.,n.i.O.,12.012,12.019,596.0,
191,,i.O.,i.O.,n.i.O.,12.013,12.02,597.0,
192,,i.O.,i.O.,n.i.O.,12.012,12.025,598.0,
193,,i.O.,i.O.,n.i.O.,12.012,12.020999999999999,599.0,
194,,i.O.,i.O.,n.i.O.,12.011,12.02,600.0,
195,,i.O.,i.O.,i.O.,12.012,12.015999999999998,601.0,
196,,i.O.,i.O.,n.i.O.,12.013,12.019,602.0,
197,,i.O.,i.O.,i.O.,12.012,12.017999999999999,603.0,
198,,i.O.,i.O.,n.i.O.,12.013,12.02,604.0,
199,,i.O.,i.O.,n.i.O.,12.013,12.02,605.0,
200,,i.O.,i.O.,i.O.,12.011,12.017999999999999,606.0,
201,,i.O.,i.O.,n.i.O.,12.012,12.019,607.0,
202,,i.O.,i.O.,n.i.O.,12.012,12.019,608.0,
203,,i.O.,i.O.,n.i.O.,12.012,12.02,609.0,
204,,i.O.,i.O.,n.i.O.,12.012,12.019,610.0,
205,,i.O.,i.O.,n.i.O.,12.013,12.022,611.0,
206,,i.O.,i.O.,n.i.O.,12.011,12.019,612.0,
207,,i.O.,i.O.,n.i.O.,12.011,12.019,613.0,
208,,i.O.,i.O.,n.i.O.,12.012,12.02,614.0,
209,,i.O.,i.O.,n.i.O.,12.011,12.019,615.0,
210,,i.O.,i.O.,n.i.O.,12.013,12.020999999999999,616.0,
211,,i.O.,i.O.,n.i.O.,12.011,12.020999999999999,617.0,
212,,i.O.,i.O.,n.i.O.,12.012,12.02,618.0,
213,,i.O.,i.O.,n.i.O.,12.011,12.02,619.0,
214,,i.O.,i.O.,n.i.O.,12.013,12.020999999999999,620.0,
215,,i.O.,i.O.,n.i.O.,12.011,12.023,621.0,
216,,i.O.,i.O.,n.i.O.,12.011,12.020999999999999,622.0,
217,,i.O.,i.O.,n.i.O.,12.011,12.020999999999999,623.0,
218,,i.O.,i.O.,n.i.O.,12.012,12.02,624.0,
219,,i.O.,i.O.,n.i.O.,12.012,12.019,625.0,
220,,i.O.,i.O.,n.i.O.,12.012,12.020999999999999,626.0,
221,,i.O.,i.O.,n.i.O.,12.011,12.02,627.0,
222,,i.O.,i.O.,n.i.O.,12.012,12.02,628.0,
223,,i.O.,i.O.,n.i.O.,12.012,12.023,629.0,
224,,i.O.,i.O.,n.i.O.,12.013,12.02,630.0,
225,,i.O.,i.O.,n.i.O.,12.011,12.019,631.0,
226,,i.O.,i.O.,n.i.O.,12.012,12.019,632.0,
227,,i.O.,i.O.,n.i.O.,12.012,12.024000000000001,633.0,
228,,i.O.,i.O.,n.i.O.,12.012,12.019,634.0,
229,,i.O.,i.O.,n.i.O.,12.011,12.022,635.0,
230,,i.O.,i.O.,n.i.O.,12.011,12.020999999999999,636.0,
231,,i.O.,i.O.,n.i.O.,12.012,12.020999999999999,637.0,
232,,i.O.,i.O.,n.i.O.,12.012,12.022,638.0,
233,,i.O.,i.O.,n.i.O.,12.011,12.02,639.0,
234,,i.O.,i.O.,i.O.,12.013,12.017999999999999,640.0,
235,,i.O.,i.O.,n.i.O.,12.013,12.02,641.0,
236,,i.O.,i.O.,n.i.O.,12.014000000000001,12.022,642.0,
237,,i.O.,i.O.,n.i.O.,12.012,12.02,643.0,
238,,i.O.,i.O.,i.O.,12.01,12.017000000000001,644.0,
239,,i.O.,i.O.,n.i.O.,12.012,12.02,645.0,
240,,i.O.,i.O.,i.O.,12.012,12.017999999999999,646.0,
241,,i.O.,i.O.,n.i.O.,12.011,12.020999999999999,647.0,
242,,i.O.,i.O.,n.i.O.,12.012,12.026,648.0,
243,,i.O.,i.O.,n.i.O.,12.011,12.020999999999999,649.0,
244,,i.O.,i.O.,n.i.O.,12.014000000000001,12.022,650.0,
245,,i.O.,i.O.,n.i.O.,12.012,12.022,651.0,
246,,i.O.,i.O.,n.i.O.,12.013,12.023,652.0,
247,,i.O.,i.O.,n.i.O.,12.012,12.023,653.0,
248,,i.O.,i.O.,n.i.O.,12.014000000000001,12.022,654.0,
249,,i.O.,i.O.,n.i.O.,12.011,12.023,655.0,
250,,i.O.,i.O.,n.i.O.,12.012,12.02,656.0,
251,,i.O.,i.O.,n.i.O.,12.012,12.02,657.0,
252,,i.O.,i.O.,n.i.O.,12.013,12.027000000000001,658.0,
253,,i.O.,i.O.,n.i.O.,12.014000000000001,12.02,659.0,
254,,i.O.,i.O.,n.i.O.,12.012,12.024000000000001,660.0,
255,,i.O.,i.O.,n.i.O.,12.013,12.020999999999999,661.0,
256,,i.O.,i.O.,n.i.O.,12.012,12.022,662.0,
257,,i.O.,i.O.,n.i.O.,12.011,12.020999999999999,663.0,
258,,i.O.,i.O.,n.i.O.,12.011,12.020999999999999,664.0,
259,,i.O.,i.O.,n.i.O.,12.011,12.022,665.0,
260,,i.O.,i.O.,i.O.,12.012,12.017000000000001,666.0,
261,,i.O.,i.O.,n.i.O.,12.011,12.02,667.0,
262,,i.O.,i.O.,n.i.O.,12.011,12.019,668.0,
263,,i.O.,i.O.,n.i.O.,12.011,12.020999999999999,669.0,
264,,i.O.,i.O.,n.i.O.,12.012,12.019,670.0,
265,,i.O.,i.O.,n.i.O.,12.011,12.02,671.0,
266,,i.O.,i.O.,n.i.O.,12.011,12.024000000000001,672.0,
267,,i.O.,i.O.,n.i.O.,12.013,12.02,673.0,
268,,i.O.,i.O.,n.i.O.,12.012,12.019,674.0,
269,,i.O.,i.O.,n.i.O.,12.011,12.022,675.0,
270,,i.O.,i.O.,n.i.O.,12.012,12.020999999999999,676.0,
271,,i.O.,i.O.,i.O.,12.011,12.017999999999999,677.0,
272,,i.O.,i.O.,i.O.,12.011,12.017999999999999,678.0,
273,,i.O.,i.O.,n.i.O.,12.009,12.023,679.0,
274,,i.O.,i.O.,n.i.O.,12.011,12.02,680.0,
275,,i.O.,i.O.,n.i.O.,12.011,12.026,681.0,
276,,i.O.,i.O.,n.i.O.,12.012,12.019,682.0,
277,,i.O.,i.O.,n.i.O.,12.013,12.02,683.0,
278,,i.O.,i.O.,i.O.,12.013,12.017000000000001,684.0,
279,,i.O.,i.O.,n.i.O.,12.013,12.020999999999999,685.0,
280,,i.O.,i.O.,n.i.O.,12.012,12.02,686.0,
281,,i.O.,i.O.,n.i.O.,12.012,12.023,687.0,
282,,i.O.,i.O.,n.i.O.,12.013,12.020999999999999,688.0,
283,,i.O.,i.O.,n.i.O.,12.011,12.02,689.0,
284,,i.O.,i.O.,i.O.,12.012,12.017999999999999,690.0,
285,,i.O.,i.O.,n.i.O.,12.012,12.019,691.0,
286,,i.O.,i.O.,n.i.O.,12.012,12.019,692.0,
287,,i.O.,i.O.,n.i.O.,12.012,12.02,693.0,
288,,i.O.,i.O.,n.i.O.,12.012,12.020999999999999,694.0,
289,,i.O.,i.O.,n.i.O.,12.013,12.02,695.0,
290,,i.O.,i.O.,n.i.O.,12.012,12.02,696.0,
291,,i.O.,i.O.,n.i.O.,12.011,12.02,697.0,
292,,i.O.,i.O.,n.i.O.,12.012,12.020999999999999,698.0,
293,,i.O.,i.O.,n.i.O.,12.012,12.022,699.0,
294,,i.O.,i.O.,n.i.O.,12.012,12.023,700.0,
295,,i.O.,i.O.,n.i.O.,12.013,12.022,701.0,
296,,i.O.,i.O.,n.i.O.,12.012,12.022,702.0,
297,,i.O.,i.O.,n.i.O.,12.012,12.02,703.0,
298,,i.O.,i.O.,i.O.,12.012,12.017999999999999,704.0,
299,,i.O.,i.O.,i.O.,12.011,12.017999999999999,705.0,
300,,i.O.,i.O.,n.i.O.,12.013,12.02,706.0,
301,,i.O.,i.O.,n.i.O.,12.012,12.02,707.0,
302,,i.O.,i.O.,n.i.O.,12.012,12.02,708.0,
303,,i.O.,i.O.,n.i.O.,12.012,12.019,709.0,
304,,i.O.,i.O.,i.O.,12.011,12.017000000000001,710.0,
305,,i.O.,i.O.,n.i.O.,12.011,12.024000000000001,711.0,
306,,i.O.,i.O.,n.i.O.,12.014000000000001,12.02,712.0,
307,,i.O.,i.O.,n.i.O.,12.013,12.02,713.0,
308,,i.O.,i.O.,n.i.O.,12.012,12.019,714.0,
309,,i.O.,i.O.,n.i.O.,12.012,12.019,715.0,
310,,i.O.,i.O.,i.O.,12.011,12.015,716.0,
311,,i.O.,i.O.,i.O.,12.012,12.017000000000001,717.0,
312,,i.O.,i.O.,i.O.,12.012,12.017999999999999,718.0,
313,,i.O.,i.O.,n.i.O.,12.013,12.022,719.0,
314,,i.O.,i.O.,n.i.O.,12.013,12.02,720.0,
315,,i.O.,i.O.,i.O.,12.013,12.017999999999999,721.0,
316,,i.O.,i.O.,i.O.,12.013,12.017000000000001,722.0,
317,,i.O.,i.O.,n.i.O.,12.013,12.020999999999999,723.0,
318,,i.O.,i.O.,i.O.,12.013,12.017999999999999,724.0,
319,,i.O.,i.O.,i.O.,12.012,12.017999999999999,725.0,
320,,i.O.,i.O.,n.i.O.,12.012,12.020999999999999,726.0,
321,,i.O.,i.O.,n.i.O.,12.014000000000001,12.020999999999999,727.0,
322,,i.O.,i.O.,i.O.,12.013,12.017000000000001,728.0,
323,,i.O.,i.O.,n.i.O.,12.013,12.022,1134.0,
324,,i.O.,i.O.,n.i.O.,12.014000000000001,12.020999999999999,1135.0,
325,,i.O.,i.O.,n.i.O.,12.014000000000001,12.032,1136.0,
326,,i.O.,i.O.,n.i.O.,12.015,12.023,1137.0,
327,,i.O.,i.O.,n.i.O.,12.014000000000001,12.024000000000001,1138.0,
328,,i.O.,i.O.,n.i.O.,12.015,12.030999999999999,1139.0,
329,,i.O.,i.O.,n.i.O.,12.017999999999999,12.039000000000001,1140.0,
330,,i.O.,i.O.,n.i.O.,12.017999999999999,12.027000000000001,1141.0,
331,,i.O.,i.O.,n.i.O.,12.015999999999998,12.026,1142.0,
332,,i.O.,i.O.,n.i.O.,12.015,12.024000000000001,1143.0,
333,,i.O.,i.O.,n.i.O.,12.017000000000001,12.032,1144.0,
334,,i.O.,i.O.,n.i.O.,12.015,12.027000000000001,1145.0,
335,,i.O.,i.O.,n.i.O.,12.015,12.027000000000001,1146.0,
336,,i.O.,i.O.,n.i.O.,12.015999999999998,12.027000000000001,1147.0,
337,,i.O.,i.O.,n.i.O.,12.017000000000001,12.027000000000001,1148.0,
338,,i.O.,i.O.,n.i.O.,12.015999999999998,12.030999999999999,1149.0,
339,,i.O.,i.O.,n.i.O.,12.015,12.027999999999999,1150.0,
340,,i.O.,i.O.,n.i.O.,12.015999999999998,12.024000000000001,1151.0,
341,,i.O.,i.O.,n.i.O.,12.015,12.023,1152.0,
342,,i.O.,i.O.,n.i.O.,12.015,12.029000000000002,1153.0,
343,,i.O.,i.O.,n.i.O.,12.015,12.03,1154.0,
344,,i.O.,i.O.,n.i.O.,12.015,12.027999999999999,1155.0,
345,,i.O.,i.O.,n.i.O.,12.015,12.024000000000001,1156.0,
346,,i.O.,i.O.,n.i.O.,12.015999999999998,12.027000000000001,1157.0,
347,,i.O.,i.O.,n.i.O.,12.014000000000001,12.023,1158.0,
348,,i.O.,i.O.,n.i.O.,12.014000000000001,12.023,1159.0,
349,,i.O.,i.O.,n.i.O.,12.017000000000001,12.030999999999999,1160.0,
350,,i.O.,i.O.,n.i.O.,12.015999999999998,12.024000000000001,1161.0,
351,,i.O.,i.O.,n.i.O.,12.017000000000001,12.027999999999999,1162.0,
352,,i.O.,i.O.,n.i.O.,12.013,12.025,1163.0,
353,,i.O.,i.O.,n.i.O.,12.017999999999999,12.032,1164.0,
354,,i.O.,i.O.,n.i.O.,12.017999999999999,12.027999999999999,1165.0,
355,,i.O.,i.O.,n.i.O.,12.015,12.025,1166.0,
356,,i.O.,i.O.,n.i.O.,12.015999999999998,12.030999999999999,1167.0,
357,,i.O.,i.O.,n.i.O.,12.015,12.027999999999999,1168.0,
358,,i.O.,i.O.,n.i.O.,12.015999999999998,12.030999999999999,1169.0,
359,,i.O.,i.O.,n.i.O.,12.014000000000001,12.027000000000001,1170.0,
360,,i.O.,i.O.,n.i.O.,12.014000000000001,12.020999999999999,1171.0,
361,,i.O.,i.O.,n.i.O.,12.015,12.024000000000001,1172.0,
362,,i.O.,i.O.,n.i.O.,12.015999999999998,12.024000000000001,1173.0,
363,,i.O.,i.O.,n.i.O.,12.017999999999999,12.029000000000002,1174.0,
364,,i.O.,i.O.,n.i.O.,12.015,12.035,1175.0,
365,,i.O.,i.O.,n.i.O.,12.015999999999998,12.022,1176.0,
366,,i.O.,i.O.,n.i.O.,12.015,12.026,1177.0,
367,,i.O.,i.O.,n.i.O.,12.015,12.024000000000001,1178.0,
368,,i.O.,i.O.,n.i.O.,12.017999999999999,12.027000000000001,1179.0,
369,,i.O.,i.O.,n.i.O.,12.012,12.024000000000001,1180.0,
370,,i.O.,i.O.,n.i.O.,12.015999999999998,12.030999999999999,1181.0,
371,,i.O.,i.O.,n.i.O.,12.014000000000001,12.027000000000001,1182.0,
372,,i.O.,i.O.,n.i.O.,12.015,12.027000000000001,1183.0,
373,,i.O.,n.i.O.,n.i.O.,12.02,12.042,1184.0,
374,,i.O.,n.i.O.,n.i.O.,12.020999999999999,12.03,1185.0,
375,,i.O.,i.O.,n.i.O.,12.015,12.027000000000001,1186.0,
376,,i.O.,i.O.,n.i.O.,12.015999999999998,12.025,1187.0,
377,,i.O.,i.O.,n.i.O.,12.017000000000001,12.026,1188.0,
378,,i.O.,i.O.,n.i.O.,12.015,12.024000000000001,1189.0,
379,,i.O.,i.O.,n.i.O.,12.014000000000001,12.022,1190.0,
380,,i.O.,i.O.,n.i.O.,12.015999999999998,12.024000000000001,1191.0,
381,,i.O.,i.O.,n.i.O.,12.017000000000001,12.027999999999999,1192.0,
382,,i.O.,i.O.,n.i.O.,12.017000000000001,12.026,1193.0,
383,,i.O.,n.i.O.,n.i.O.,12.019,12.038,1194.0,
384,,i.O.,n.i.O.,n.i.O.,12.019,12.026,1195.0,
385,,i.O.,i.O.,n.i.O.,12.017000000000001,12.024000000000001,1196.0,
386,,i.O.,i.O.,n.i.O.,12.017000000000001,12.032,1197.0,
387,,i.O.,i.O.,n.i.O.,12.017999999999999,12.023,1198.0,
388,,i.O.,i.O.,n.i.O.,12.017999999999999,12.03,1199.0,
389,,i.O.,i.O.,n.i.O.,12.017000000000001,12.020999999999999,1200.0,
390,,i.O.,i.O.,n.i.O.,12.017999999999999,12.03,1201.0,
391,,i.O.,i.O.,n.i.O.,12.017999999999999,12.030999999999999,1202.0,
392,,i.O.,i.O.,n.i.O.,12.017000000000001,12.027000000000001,1203.0,
393,,i.O.,i.O.,n.i.O.,12.017000000000001,12.024000000000001,1204.0,
394,,i.O.,i.O.,n.i.O.,12.017000000000001,12.035,1205.0,
395,,i.O.,i.O.,n.i.O.,12.017999999999999,12.027000000000001,1206.0,
396,,i.O.,i.O.,n.i.O.,12.017000000000001,12.022,1207.0,
397,,i.O.,i.O.,n.i.O.,12.017999999999999,12.029000000000002,1208.0,
398,,i.O.,i.O.,n.i.O.,12.015,12.022,1209.0,
399,,i.O.,i.O.,n.i.O.,12.015999999999998,12.023,1210.0,
400,,i.O.,n.i.O.,n.i.O.,12.019,12.04,1211.0,
401,,i.O.,n.i.O.,n.i.O.,12.020999999999999,12.037,1212.0,
402,,i.O.,i.O.,n.i.O.,12.017999999999999,12.026,1213.0,
403,,i.O.,i.O.,n.i.O.,12.017000000000001,12.03,1214.0,
404,,i.O.,i.O.,n.i.O.,12.014000000000001,12.035,1215.0,
405,,i.O.,n.i.O.,n.i.O.,12.019,12.027000000000001,1216.0,
406,,i.O.,i.O.,n.i.O.,12.015999999999998,12.025,1217.0,
407,,i.O.,i.O.,n.i.O.,12.015,12.026,1218.0,
408,,i.O.,i.O.,n.i.O.,12.015999999999998,12.027999999999999,1219.0,
409,,i.O.,i.O.,n.i.O.,12.015,12.022,1220.0,
410,,i.O.,i.O.,n.i.O.,12.015,12.026,1221.0,
411,,i.O.,i.O.,n.i.O.,12.015999999999998,12.022,1222.0,
412,,i.O.,i.O.,n.i.O.,12.017000000000001,12.025,1223.0,
413,,i.O.,i.O.,n.i.O.,12.015999999999998,12.027000000000001,1224.0,
414,,i.O.,n.i.O.,n.i.O.,12.02,12.03,1225.0,
415,,i.O.,i.O.,n.i.O.,12.017000000000001,12.026,1226.0,
416,,i.O.,i.O.,n.i.O.,12.014000000000001,12.024000000000001,1227.0,
417,,i.O.,n.i.O.,n.i.O.,12.02,12.04,1228.0,
418,,i.O.,i.O.,n.i.O.,12.015999999999998,12.027000000000001,1229.0,
419,,i.O.,i.O.,n.i.O.,12.015,12.040999999999999,1230.0,
420,,i.O.,i.O.,n.i.O.,12.013,12.039000000000001,1231.0,
421,,i.O.,i.O.,n.i.O.,12.015999999999998,12.027000000000001,1232.0,
422,,i.O.,i.O.,n.i.O.,12.015999999999998,12.049000000000001,1233.0,
423,,i.O.,i.O.,n.i.O.,12.015,12.023,1234.0,
424,,i.O.,i.O.,n.i.O.,12.012,12.026,1235.0,
425,,i.O.,i.O.,n.i.O.,12.017999999999999,12.03,1236.0,
426,,i.O.,i.O.,n.i.O.,12.015999999999998,12.027000000000001,1237.0,
427,,i.O.,i.O.,n.i.O.,12.015999999999998,12.025,1238.0,
428,,i.O.,i.O.,n.i.O.,12.017000000000001,12.04,1239.0,
429,,i.O.,i.O.,n.i.O.,12.015,12.024000000000001,1240.0,
430,,i.O.,i.O.,n.i.O.,12.015999999999998,12.03,1241.0,
431,,i.O.,i.O.,n.i.O.,12.015,12.033,1242.0,
432,,i.O.,i.O.,n.i.O.,12.014000000000001,12.027000000000001,1243.0,
433,,i.O.,i.O.,n.i.O.,12.017000000000001,12.038,1244.0,
434,,i.O.,i.O.,n.i.O.,12.015999999999998,12.029000000000002,1245.0,
435,,i.O.,i.O.,n.i.O.,12.015,12.023,1246.0,
436,,i.O.,i.O.,n.i.O.,12.015999999999998,12.026,1247.0,
437,,i.O.,i.O.,n.i.O.,12.014000000000001,12.03,1248.0,
438,,i.O.,i.O.,n.i.O.,12.014000000000001,12.024000000000001,1249.0,
439,,i.O.,i.O.,n.i.O.,12.014000000000001,12.025,1250.0,
440,,i.O.,i.O.,n.i.O.,12.015999999999998,12.026,1251.0,
441,,i.O.,i.O.,n.i.O.,12.017999999999999,12.029000000000002,1252.0,
442,,i.O.,i.O.,n.i.O.,12.017000000000001,12.023,1253.0,
443,,i.O.,i.O.,n.i.O.,12.013,12.022,1254.0,
444,,i.O.,i.O.,n.i.O.,12.014000000000001,12.030999999999999,1255.0,
445,,i.O.,i.O.,n.i.O.,12.012,12.020999999999999,1256.0,
446,,i.O.,i.O.,n.i.O.,12.013,12.026,1257.0,
447,,i.O.,i.O.,n.i.O.,12.014000000000001,12.027000000000001,1258.0,
448,,i.O.,i.O.,n.i.O.,12.015,12.026,1259.0,
449,,i.O.,i.O.,n.i.O.,12.015999999999998,12.023,1260.0,
450,,i.O.,i.O.,n.i.O.,12.017999999999999,12.025,1261.0,
451,,i.O.,i.O.,n.i.O.,12.014000000000001,12.026,1262.0,
452,,i.O.,i.O.,n.i.O.,12.017999999999999,12.035,1263.0,
453,,i.O.,i.O.,n.i.O.,12.015999999999998,12.029000000000002,1264.0,
454,,i.O.,i.O.,n.i.O.,12.015999999999998,12.03,1265.0,
455,,i.O.,i.O.,n.i.O.,12.014000000000001,12.024000000000001,1266.0,
456,,i.O.,i.O.,n.i.O.,12.014000000000001,12.040999999999999,1267.0,
457,,i.O.,i.O.,n.i.O.,12.017999999999999,12.033,1268.0,
458,,i.O.,i.O.,n.i.O.,12.015999999999998,12.06,1269.0,
459,,i.O.,i.O.,n.i.O.,12.015,12.027000000000001,1270.0,
460,,i.O.,i.O.,n.i.O.,12.013,12.025,1271.0,
461,,i.O.,i.O.,n.i.O.,12.014000000000001,12.027000000000001,1272.0,
462,,i.O.,i.O.,n.i.O.,12.015,12.032,1273.0,
463,,i.O.,i.O.,n.i.O.,12.014000000000001,12.03,1274.0,
464,,i.O.,i.O.,n.i.O.,12.014000000000001,12.027999999999999,1275.0,
465,,i.O.,i.O.,n.i.O.,12.013,12.022,1276.0,
466,,i.O.,i.O.,n.i.O.,12.015,12.024000000000001,1277.0,
467,,i.O.,i.O.,n.i.O.,12.013,12.033,1278.0,
468,,i.O.,i.O.,n.i.O.,12.013,12.027999999999999,1279.0,
469,,i.O.,i.O.,n.i.O.,12.014000000000001,12.026,1280.0,
470,,i.O.,i.O.,n.i.O.,12.015,12.033,1281.0,
471,,i.O.,i.O.,n.i.O.,12.014000000000001,12.023,1282.0,
472,,i.O.,i.O.,n.i.O.,12.015,12.023,1283.0,
473,,i.O.,i.O.,n.i.O.,12.013,12.023,1284.0,
474,,i.O.,i.O.,n.i.O.,12.014000000000001,12.027999999999999,1285.0,
475,,i.O.,i.O.,n.i.O.,12.017999999999999,12.027999999999999,1286.0,
476,,i.O.,i.O.,n.i.O.,12.015,12.026,1287.0,
477,,i.O.,i.O.,n.i.O.,12.013,12.023,1288.0,
478,,i.O.,i.O.,n.i.O.,12.014000000000001,12.029000000000002,1289.0,
479,,i.O.,i.O.,n.i.O.,12.015999999999998,12.03,1290.0,
480,,i.O.,i.O.,n.i.O.,12.014000000000001,12.019,1291.0,
481,,i.O.,i.O.,n.i.O.,12.014000000000001,12.024000000000001,1292.0,
482,,i.O.,i.O.,n.i.O.,12.015999999999998,12.027999999999999,1293.0,
483,,i.O.,i.O.,n.i.O.,12.015,12.024000000000001,1294.0,
484,,i.O.,n.i.O.,n.i.O.,12.02,12.036,1295.0,
485,,i.O.,i.O.,n.i.O.,12.012,12.023,1701.0,
486,,i.O.,i.O.,i.O.,12.011,12.014000000000001,1702.0,
487,,i.O.,i.O.,i.O.,12.01,12.015,1703.0,
488,,i.O.,i.O.,i.O.,12.009,12.017999999999999,1704.0,
489,,i.O.,i.O.,i.O.,12.009,12.017000000000001,1705.0,
490,,i.O.,i.O.,i.O.,12.008,12.014000000000001,1706.0,
491,,i.O.,i.O.,i.O.,12.009,12.013,1707.0,
492,,i.O.,i.O.,i.O.,12.008,12.012,1708.0,
493,,i.O.,i.O.,i.O.,12.009,12.015,1709.0,
494,,i.O.,i.O.,n.i.O.,12.012,12.025,1710.0,
495,,i.O.,i.O.,i.O.,12.007,12.012,1711.0,
496,,i.O.,i.O.,i.O.,12.01,12.017999999999999,1712.0,
497,,i.O.,i.O.,i.O.,12.011,12.017000000000001,1713.0,
498,,i.O.,i.O.,i.O.,12.009,12.017000000000001,1714.0,
499,,i.O.,i.O.,i.O.,12.009,12.017999999999999,1715.0,
500,,i.O.,i.O.,i.O.,12.01,12.015999999999998,1716.0,
501,,i.O.,i.O.,i.O.,12.01,12.015,1717.0,
502,,i.O.,i.O.,i.O.,12.011,12.013,1718.0,
503,,i.O.,i.O.,i.O.,12.009,12.013,1719.0,
504,,i.O.,i.O.,i.O.,12.008,12.015,1720.0,
505,,i.O.,i.O.,i.O.,12.008,12.014000000000001,1721.0,
506,,i.O.,i.O.,i.O.,12.011,12.017000000000001,1722.0,
507,,i.O.,i.O.,i.O.,12.01,12.015999999999998,1723.0,
508,,i.O.,i.O.,i.O.,12.01,12.017999999999999,1724.0,
509,,i.O.,i.O.,i.O.,12.008,12.015,1725.0,
510,,i.O.,i.O.,i.O.,12.008,12.01,1726.0,
511,,i.O.,i.O.,i.O.,12.009,12.013,1727.0,
512,,i.O.,i.O.,i.O.,12.01,12.017999999999999,1728.0,
513,,i.O.,i.O.,i.O.,12.01,12.017999999999999,1729.0,
514,,i.O.,i.O.,n.i.O.,12.01,12.02,1730.0,
515,,i.O.,i.O.,i.O.,12.011,12.015,1731.0,
516,,i.O.,i.O.,i.O.,12.01,12.012,1732.0,
517,,i.O.,i.O.,i.O.,12.011,12.017000000000001,1733.0,
518,,i.O.,i.O.,i.O.,12.009,12.017000000000001,1734.0,
519,,i.O.,i.O.,i.O.,12.009,12.013,1735.0,
520,,i.O.,i.O.,i.O.,12.011,12.017000000000001,1736.0,
521,,i.O.,i.O.,i.O.,12.008,12.015999999999998,1737.0,
522,,i.O.,i.O.,i.O.,12.011,12.015999999999998,1738.0,
523,,i.O.,i.O.,i.O.,12.01,12.015999999999998,1739.0,
524,,i.O.,i.O.,n.i.O.,12.012,12.019,1740.0,
525,,i.O.,i.O.,n.i.O.,12.011,12.022,1741.0,
526,,i.O.,i.O.,i.O.,12.009,12.014000000000001,1742.0,
527,,i.O.,i.O.,i.O.,12.01,12.017000000000001,1743.0,
528,,i.O.,i.O.,i.O.,12.01,12.015999999999998,1744.0,
529,,i.O.,i.O.,i.O.,12.01,12.015999999999998,1745.0,
530,,i.O.,i.O.,i.O.,12.012,12.017000000000001,1746.0,
531,,i.O.,i.O.,i.O.,12.01,12.013,1747.0,
532,,i.O.,i.O.,i.O.,12.01,12.015999999999998,1748.0,
533,,i.O.,i.O.,i.O.,12.011,12.017999999999999,1749.0,
534,,i.O.,i.O.,i.O.,12.01,12.013,1750.0,
535,,i.O.,i.O.,i.O.,12.011,12.015,1751.0,
536,,i.O.,i.O.,i.O.,12.008,12.017000000000001,1752.0,
537,,i.O.,i.O.,i.O.,12.009,12.01,1753.0,
538,,i.O.,i.O.,i.O.,12.01,12.015,1754.0,
539,,i.O.,i.O.,i.O.,12.011,12.017000000000001,1755.0,
540,,i.O.,i.O.,n.i.O.,12.01,12.02,1756.0,
541,,i.O.,i.O.,n.i.O.,12.011,12.02,1757.0,
542,,i.O.,i.O.,n.i.O.,12.012,12.020999999999999,1758.0,
543,,i.O.,i.O.,i.O.,12.01,12.014000000000001,1759.0,
544,,i.O.,i.O.,i.O.,12.01,12.014000000000001,1760.0,
545,,i.O.,i.O.,i.O.,12.01,12.017000000000001,1761.0,
546,,i.O.,i.O.,n.i.O.,12.012,12.019,1762.0,
547,,i.O.,i.O.,i.O.,12.01,12.013,1763.0,
548,,i.O.,i.O.,i.O.,12.009,12.017000000000001,1764.0,
549,,i.O.,i.O.,i.O.,12.011,12.017999999999999,1765.0,
550,,i.O.,i.O.,i.O.,12.009,12.012,1766.0,
551,,i.O.,i.O.,n.i.O.,12.01,12.019,1767.0,
552,,i.O.,i.O.,i.O.,12.011,12.015999999999998,1768.0,
553,,i.O.,i.O.,i.O.,12.012,12.015,1769.0,
554,,i.O.,i.O.,i.O.,12.012,12.014000000000001,1770.0,
555,,i.O.,i.O.,i.O.,12.014000000000001,12.017999999999999,1771.0,
556,,i.O.,i.O.,i.O.,12.01,12.015999999999998,1772.0,
557,,i.O.,i.O.,i.O.,12.009,12.013,1773.0,
558,,i.O.,i.O.,i.O.,12.011,12.013,1774.0,
559,,i.O.,i.O.,i.O.,12.013,12.012,1775.0,
560,,i.O.,i.O.,i.O.,12.01,12.013,1776.0,
561,,i.O.,i.O.,i.O.,12.011,12.013,1777.0,
562,,i.O.,i.O.,i.O.,12.013,12.015999999999998,1778.0,
563,,i.O.,i.O.,i.O.,12.011,12.012,1779.0,
564,,i.O.,i.O.,i.O.,12.012,12.017000000000001,1780.0,
565,,i.O.,i.O.,i.O.,12.011,12.014000000000001,1781.0,
566,,i.O.,i.O.,n.i.O.,12.015999999999998,12.025,1782.0,
567,,i.O.,i.O.,n.i.O.,12.015999999999998,12.023,1783.0,
568,,i.O.,n.i.O.,n.i.O.,12.020999999999999,12.024000000000001,1784.0,
569,,i.O.,i.O.,n.i.O.,12.015,12.023,1785.0,
570,,i.O.,i.O.,n.i.O.,12.014000000000001,12.023,1786.0,
571,,i.O.,i.O.,n.i.O.,12.014000000000001,12.032,1787.0,
572,,i.O.,i.O.,n.i.O.,12.015999999999998,12.023,1788.0,
573,,i.O.,i.O.,n.i.O.,12.013,12.020999999999999,1789.0,
574,,i.O.,i.O.,n.i.O.,12.015,12.02,1790.0,
575,,i.O.,i.O.,n.i.O.,12.013,12.02,1791.0,
576,,i.O.,i.O.,n.i.O.,12.017999999999999,12.023,1792.0,
577,,i.O.,i.O.,n.i.O.,12.014000000000001,12.02,1793.0,
578,,i.O.,i.O.,i.O.,12.014000000000001,12.017999999999999,1794.0,
579,,i.O.,i.O.,n.i.O.,12.015999999999998,12.022,1795.0,
580,,i.O.,i.O.,n.i.O.,12.015,12.02,1796.0,
581,,i.O.,i.O.,n.i.O.,12.015999999999998,12.03,1797.0,
582,,i.O.,i.O.,n.i.O.,12.017000000000001,12.023,1798.0,
583,,i.O.,i.O.,n.i.O.,12.015999999999998,12.03,1799.0,
584,,i.O.,n.i.O.,n.i.O.,12.019,12.032,1800.0,
585,,i.O.,i.O.,n.i.O.,12.017000000000001,12.067,1801.0,
586,,i.O.,i.O.,n.i.O.,12.015999999999998,12.049000000000001,1802.0,
587,,i.O.,i.O.,n.i.O.,12.015,12.024000000000001,1803.0,
588,,i.O.,i.O.,n.i.O.,12.013,12.032,1804.0,
589,,i.O.,i.O.,i.O.,12.012,12.017999999999999,1805.0,
590,,i.O.,i.O.,n.i.O.,12.014000000000001,12.025,1806.0,
591,,i.O.,i.O.,n.i.O.,12.017999999999999,12.024000000000001,1807.0,
592,,i.O.,i.O.,n.i.O.,12.017999999999999,12.022,1808.0,
593,,i.O.,i.O.,n.i.O.,12.015,12.022,1809.0,
594,,i.O.,n.i.O.,n.i.O.,12.02,12.03,1810.0,
595,,i.O.,i.O.,n.i.O.,12.015999999999998,12.020999999999999,1811.0,
596,,i.O.,i.O.,i.O.,12.012,12.017999999999999,1812.0,
597,,i.O.,i.O.,n.i.O.,12.014000000000001,12.038,1813.0,
598,,i.O.,i.O.,n.i.O.,12.015999999999998,12.022,1814.0,
599,,i.O.,i.O.,n.i.O.,12.015999999999998,12.022,1815.0,
600,,i.O.,i.O.,n.i.O.,12.015999999999998,12.042,1816.0,
601,,i.O.,i.O.,n.i.O.,12.017000000000001,12.027000000000001,1817.0,
602,,i.O.,i.O.,n.i.O.,12.013,12.020999999999999,1818.0,
603,,i.O.,i.O.,n.i.O.,12.014000000000001,12.022,1819.0,
604,,i.O.,i.O.,n.i.O.,12.014000000000001,12.02,1820.0,
605,,i.O.,i.O.,n.i.O.,12.014000000000001,12.025,1821.0,
606,,i.O.,i.O.,n.i.O.,12.015,12.019,1822.0,
607,,i.O.,i.O.,n.i.O.,12.014000000000001,12.020999999999999,1823.0,
608,,i.O.,i.O.,n.i.O.,12.012,12.036,1824.0,
609,,i.O.,i.O.,n.i.O.,12.014000000000001,12.023,1825.0,
610,,i.O.,i.O.,n.i.O.,12.015,12.045,1826.0,
611,,i.O.,i.O.,n.i.O.,12.015,12.020999999999999,1827.0,
612,,i.O.,i.O.,n.i.O.,12.013,12.020999999999999,1828.0,
613,,i.O.,i.O.,n.i.O.,12.013,12.02,1829.0,
614,,i.O.,i.O.,n.i.O.,12.015,12.022,1830.0,
615,,i.O.,i.O.,n.i.O.,12.013,12.02,1831.0,
616,,i.O.,i.O.,n.i.O.,12.012,12.025,1832.0,
617,,i.O.,i.O.,i.O.,12.014000000000001,12.017999999999999,1833.0,
618,,i.O.,i.O.,n.i.O.,12.015,12.023,1834.0,
619,,i.O.,i.O.,n.i.O.,12.013,12.027000000000001,1835.0,
620,,i.O.,n.i.O.,n.i.O.,12.022,12.027999999999999,1836.0,
621,,i.O.,i.O.,n.i.O.,12.017999999999999,12.027999999999999,1837.0,
622,,i.O.,i.O.,n.i.O.,12.017000000000001,12.023,1838.0,
623,,i.O.,n.i.O.,n.i.O.,12.02,12.027999999999999,1839.0,
624,,i.O.,i.O.,n.i.O.,12.015,12.029000000000002,1840.0,
625,,i.O.,i.O.,n.i.O.,12.013,12.02,1841.0,
626,,i.O.,n.i.O.,n.i.O.,12.020999999999999,12.027000000000001,1842.0,
627,,i.O.,i.O.,n.i.O.,12.015,12.026,1843.0,
628,,i.O.,i.O.,n.i.O.,12.015,12.02,1844.0,
629,,i.O.,n.i.O.,n.i.O.,12.019,12.029000000000002,1845.0,
630,,i.O.,n.i.O.,n.i.O.,12.023,12.025,1846.0,
631,,i.O.,i.O.,n.i.O.,12.017999999999999,12.03,1847.0,
632,,i.O.,n.i.O.,n.i.O.,12.019,12.034,1848.0,
633,,i.O.,i.O.,n.i.O.,12.017999999999999,12.023,1849.0,
634,,i.O.,n.i.O.,n.i.O.,12.02,12.029000000000002,1850.0,
635,,i.O.,i.O.,n.i.O.,12.017999999999999,12.025,1851.0,
636,,i.O.,i.O.,n.i.O.,12.015999999999998,12.027000000000001,1852.0,
637,,i.O.,i.O.,i.O.,12.014000000000001,12.017999999999999,1853.0,
638,,i.O.,n.i.O.,n.i.O.,12.022,12.032,1854.0,
639,,n.i.O.,n.i.O.,n.i.O.,12.027000000000001,12.038,1855.0,
640,,i.O.,n.i.O.,n.i.O.,12.027000000000001,12.032,1856.0,
641,,n.i.O.,n.i.O.,n.i.O.,12.019,12.025,1857.0,
642,,n.i.O.,n.i.O.,n.i.O.,12.022,12.027000000000001,1858.0,
643,,i.O.,i.O.,n.i.O.,12.015999999999998,12.025,1859.0,
644,,n.i.O.,n.i.O.,n.i.O.,12.023,12.029000000000002,1860.0,
645,,i.O.,i.O.,n.i.O.,12.017999999999999,12.025,1861.0,
646,,n.i.O.,n.i.O.,n.i.O.,12.025,12.03,1862.0,
647,,i.O.,n.i.O.,n.i.O.,12.022,12.040999999999999,1863.0,
648,,i.O.,i.O.,n.i.O.,12.015999999999998,12.026,1864.0,
649,,i.O.,i.O.,n.i.O.,12.017000000000001,12.027000000000001,1865.0,
650,,i.O.,i.O.,n.i.O.,12.017999999999999,12.025,1866.0,
651,,i.O.,i.O.,n.i.O.,12.017999999999999,12.037,1867.0,
652,,i.O.,n.i.O.,n.i.O.,12.019,12.033,1868.0,
653,,i.O.,i.O.,n.i.O.,12.017999999999999,12.027999999999999,1869.0,
654,,n.i.O.,n.i.O.,n.i.O.,12.02,12.027000000000001,1870.0,
655,,i.O.,i.O.,n.i.O.,12.015999999999998,12.026,1871.0,
656,,i.O.,i.O.,n.i.O.,12.017000000000001,12.025,1872.0,
657,,i.O.,n.i.O.,n.i.O.,12.022,12.036,1873.0,
658,,i.O.,i.O.,n.i.O.,12.015,12.023,1874.0,
659,,i.O.,i.O.,n.i.O.,12.015999999999998,12.03,1875.0,
660,,i.O.,i.O.,n.i.O.,12.015999999999998,12.03,1876.0,
661,,i.O.,n.i.O.,n.i.O.,12.019,12.027000000000001,1877.0,
662,,i.O.,i.O.,n.i.O.,12.015999999999998,12.025,1878.0,
663,,i.O.,i.O.,n.i.O.,12.017000000000001,12.024000000000001,1879.0,
664,,i.O.,n.i.O.,n.i.O.,12.019,12.029000000000002,1880.0,
665,,i.O.,n.i.O.,n.i.O.,12.020999999999999,12.033,1881.0,
666,,i.O.,n.i.O.,n.i.O.,12.024000000000001,12.040999999999999,1882.0,
667,,n.i.O.,n.i.O.,n.i.O.,12.020999999999999,12.047,1883.0,
668,,n.i.O.,n.i.O.,n.i.O.,12.020999999999999,12.034,1884.0,
669,,i.O.,i.O.,n.i.O.,12.015,12.023,1885.0,
670,,i.O.,i.O.,n.i.O.,12.015999999999998,12.027000000000001,1886.0,
671,,n.i.O.,n.i.O.,n.i.O.,12.025,12.035,1887.0,
672,,i.O.,n.i.O.,n.i.O.,12.019,12.029000000000002,1888.0,
673,,i.O.,n.i.O.,n.i.O.,12.019,12.029000000000002,1889.0,
674,,n.i.O.,n.i.O.,n.i.O.,12.026,12.040999999999999,1890.0,
675,,n.i.O.,n.i.O.,n.i.O.,12.020999999999999,12.038,1891.0,
676,,i.O.,n.i.O.,n.i.O.,12.019,12.024000000000001,1892.0,
677,,i.O.,n.i.O.,n.i.O.,12.024000000000001,12.034,1893.0,
678,,i.O.,i.O.,n.i.O.,12.017999999999999,12.039000000000001,1894.0,
679,,n.i.O.,n.i.O.,n.i.O.,12.02,12.032,1895.0,
680,,i.O.,i.O.,n.i.O.,12.017999999999999,12.027999999999999,1896.0,
681,,i.O.,i.O.,n.i.O.,12.017000000000001,12.027000000000001,1897.0,
682,,i.O.,i.O.,n.i.O.,12.014000000000001,12.020999999999999,1898.0,
683,,i.O.,i.O.,n.i.O.,12.017000000000001,12.026,1899.0,
684,,i.O.,i.O.,n.i.O.,12.017000000000001,12.035,1900.0,
685,,n.i.O.,n.i.O.,n.i.O.,12.023,12.036,1901.0,
686,,i.O.,i.O.,n.i.O.,12.015999999999998,12.030999999999999,1902.0,
687,,n.i.O.,n.i.O.,n.i.O.,12.026,12.04,1903.0,
688,,i.O.,i.O.,n.i.O.,12.015,12.024000000000001,1904.0,
689,,i.O.,i.O.,n.i.O.,12.017999999999999,12.034,1905.0,
690,,n.i.O.,n.i.O.,n.i.O.,12.022,12.039000000000001,1906.0,
691,,i.O.,i.O.,n.i.O.,12.015,12.023,1907.0,
692,,i.O.,i.O.,n.i.O.,12.017999999999999,12.027999999999999,1908.0,
693,,i.O.,i.O.,n.i.O.,12.014000000000001,12.023,1909.0,
694,,i.O.,n.i.O.,n.i.O.,12.022,12.033,1910.0,
695,,n.i.O.,n.i.O.,n.i.O.,12.02,12.027000000000001,1911.0,
696,,i.O.,i.O.,n.i.O.,12.017999999999999,12.04,1912.0,
697,,i.O.,n.i.O.,n.i.O.,12.023,12.040999999999999,1913.0,
698,,i.O.,i.O.,n.i.O.,12.017999999999999,12.027999999999999,1914.0,
699,,n.i.O.,n.i.O.,n.i.O.,12.027999999999999,12.040999999999999,1915.0,
700,,i.O.,i.O.,n.i.O.,12.015999999999998,12.024000000000001,1916.0,
701,,i.O.,i.O.,n.i.O.,12.017000000000001,12.032,1917.0,
702,,i.O.,i.O.,n.i.O.,12.015999999999998,12.027000000000001,1918.0,
703,,i.O.,n.i.O.,n.i.O.,12.022,12.032,1919.0,
704,,i.O.,i.O.,n.i.O.,12.017999999999999,12.024000000000001,1920.0,
705,,i.O.,i.O.,n.i.O.,12.015999999999998,12.025,1921.0,
706,,i.O.,i.O.,n.i.O.,12.014000000000001,12.020999999999999,1922.0,
707,,i.O.,i.O.,n.i.O.,12.015,12.022,1923.0,
708,,i.O.,n.i.O.,n.i.O.,12.02,12.029000000000002,1924.0,
709,,i.O.,n.i.O.,n.i.O.,12.019,12.026,1925.0,
710,,n.i.O.,n.i.O.,n.i.O.,12.024000000000001,12.039000000000001,1926.0,
711,,n.i.O.,n.i.O.,n.i.O.,12.019,12.032,1927.0,
712,,i.O.,i.O.,n.i.O.,12.015,12.025,1928.0,
713,,i.O.,n.i.O.,n.i.O.,12.022,12.039000000000001,1929.0,
714,,i.O.,n.i.O.,n.i.O.,12.026,12.030999999999999,1930.0,
715,,i.O.,i.O.,n.i.O.,12.015999999999998,12.030999999999999,1931.0,
716,,i.O.,i.O.,n.i.O.,12.015999999999998,12.026,1932.0,
717,,i.O.,i.O.,n.i.O.,12.017999999999999,12.025,1933.0,
718,,i.O.,i.O.,n.i.O.,12.017000000000001,12.024000000000001,1934.0,
719,,n.i.O.,n.i.O.,n.i.O.,12.030999999999999,12.046,1935.0,
720,,i.O.,i.O.,n.i.O.,12.015,12.023,1936.0,
721,,i.O.,i.O.,n.i.O.,12.015999999999998,12.022,1937.0,
722,,i.O.,i.O.,n.i.O.,12.015999999999998,12.03,1938.0,
723,,i.O.,n.i.O.,n.i.O.,12.023,12.029000000000002,1939.0,
724,,i.O.,n.i.O.,n.i.O.,12.019,12.030999999999999,1940.0,
725,,i.O.,i.O.,n.i.O.,12.013,12.023,1941.0,
726,,i.O.,i.O.,n.i.O.,12.015,12.026,1942.0,
727,,i.O.,i.O.,n.i.O.,12.015999999999998,12.024000000000001,1943.0,
728,,i.O.,i.O.,n.i.O.,12.015999999999998,12.029000000000002,1944.0,
729,,i.O.,i.O.,n.i.O.,12.014000000000001,12.019,1945.0,
730,,i.O.,i.O.,n.i.O.,12.013,12.020999999999999,1946.0,
731,,i.O.,i.O.,n.i.O.,12.014000000000001,12.027999999999999,1947.0,
732,,i.O.,i.O.,n.i.O.,12.013,12.027999999999999,1948.0,
733,,i.O.,i.O.,n.i.O.,12.015,12.023,1949.0,
734,,i.O.,i.O.,n.i.O.,12.012,12.022,1950.0,
735,,i.O.,i.O.,n.i.O.,12.013,12.02,1951.0,
736,,i.O.,i.O.,n.i.O.,12.014000000000001,12.024000000000001,1952.0,
737,,i.O.,i.O.,n.i.O.,12.013,12.026,1953.0,
738,,i.O.,i.O.,n.i.O.,12.011,12.025,1954.0,
739,,i.O.,i.O.,n.i.O.,12.012,12.02,1955.0,
740,,i.O.,i.O.,n.i.O.,12.01,12.020999999999999,1956.0,
741,,i.O.,i.O.,n.i.O.,12.013,12.022,1957.0,
742,,i.O.,i.O.,n.i.O.,12.013,12.024000000000001,1958.0,
743,,i.O.,i.O.,n.i.O.,12.013,12.023,1959.0,
744,,i.O.,i.O.,n.i.O.,12.011,12.030999999999999,1960.0,
745,,i.O.,i.O.,i.O.,12.012,12.017999999999999,1961.0,
746,,i.O.,i.O.,n.i.O.,12.011,12.02,1962.0,
747,,i.O.,i.O.,n.i.O.,12.012,12.025,1963.0,
748,,i.O.,i.O.,n.i.O.,12.01,12.026,1964.0,
749,,i.O.,i.O.,n.i.O.,12.008,12.02,1965.0,
750,,i.O.,i.O.,n.i.O.,12.015999999999998,12.025,1966.0,
751,,i.O.,i.O.,n.i.O.,12.013,12.030999999999999,1967.0,
752,,i.O.,i.O.,n.i.O.,12.013,12.027000000000001,1968.0,
753,,i.O.,i.O.,n.i.O.,12.014000000000001,12.023,1969.0,
754,,i.O.,i.O.,n.i.O.,12.011,12.020999999999999,1970.0,
755,,i.O.,i.O.,n.i.O.,12.011,12.020999999999999,1971.0,
756,,i.O.,i.O.,n.i.O.,12.011,12.019,1972.0,
757,,i.O.,i.O.,n.i.O.,12.01,12.020999999999999,1973.0,
758,,i.O.,i.O.,i.O.,12.01,12.017999999999999,1974.0,
759,,i.O.,i.O.,n.i.O.,12.012,12.033,1975.0,
760,,i.O.,i.O.,n.i.O.,12.011,12.020999999999999,1976.0,
761,,i.O.,i.O.,n.i.O.,12.015,12.029000000000002,1977.0,
762,,i.O.,i.O.,n.i.O.,12.012,12.034,1978.0,
763,,i.O.,i.O.,n.i.O.,12.013,12.027000000000001,1979.0,
764,,i.O.,i.O.,n.i.O.,12.014000000000001,12.025,1980.0,
765,,i.O.,i.O.,n.i.O.,12.012,12.019,1981.0,
766,,i.O.,i.O.,n.i.O.,12.012,12.03,1982.0,
767,,i.O.,i.O.,n.i.O.,12.012,12.024000000000001,1983.0,
768,,i.O.,i.O.,n.i.O.,12.011,12.022,1984.0,
769,,i.O.,i.O.,n.i.O.,12.013,12.02,1985.0,
770,,i.O.,i.O.,n.i.O.,12.012,12.024000000000001,1986.0,
771,,i.O.,i.O.,n.i.O.,12.013,12.02,1987.0,
772,,i.O.,i.O.,n.i.O.,12.013,12.023,1988.0,
773,,i.O.,i.O.,n.i.O.,12.012,12.022,1989.0,
774,,i.O.,i.O.,i.O.,12.01,12.015999999999998,1990.0,
775,,i.O.,i.O.,n.i.O.,12.011,12.022,1991.0,
776,,i.O.,i.O.,i.O.,12.009,12.017999999999999,1992.0,
777,,i.O.,i.O.,n.i.O.,12.011,12.019,1993.0,
778,,i.O.,i.O.,n.i.O.,12.013,12.022,1994.0,
779,,i.O.,i.O.,n.i.O.,12.013,12.025,1995.0,
780,,i.O.,i.O.,i.O.,12.012,12.017999999999999,1996.0,
781,,i.O.,i.O.,n.i.O.,12.014000000000001,12.022,1997.0,
782,,i.O.,i.O.,n.i.O.,12.012,12.024000000000001,1998.0,
783,,i.O.,i.O.,n.i.O.,12.013,12.022,1999.0,
784,,i.O.,i.O.,n.i.O.,12.013,12.019,2000.0,
785,,i.O.,i.O.,n.i.O.,12.012,12.032,2001.0,
786,,i.O.,i.O.,n.i.O.,12.011,12.02,2002.0,
787,,i.O.,i.O.,n.i.O.,12.015,12.030999999999999,2003.0,
788,,i.O.,i.O.,n.i.O.,12.017000000000001,12.029000000000002,2004.0,
789,,i.O.,i.O.,n.i.O.,12.013,12.026,2005.0,
790,,i.O.,i.O.,n.i.O.,12.013,12.023,2006.0,
791,,i.O.,i.O.,n.i.O.,12.015999999999998,12.029000000000002,2007.0,
792,,i.O.,i.O.,n.i.O.,12.015,12.032,2008.0,
793,,i.O.,i.O.,n.i.O.,12.011,12.020999999999999,2009.0,
794,,i.O.,i.O.,n.i.O.,12.014000000000001,12.024000000000001,2010.0,
795,,i.O.,i.O.,n.i.O.,12.013,12.020999999999999,2011.0,
796,,i.O.,i.O.,n.i.O.,12.013,12.020999999999999,2012.0,
797,,i.O.,i.O.,n.i.O.,12.012,12.026,2013.0,
798,,i.O.,i.O.,n.i.O.,12.015,12.023,2014.0,
799,,i.O.,i.O.,n.i.O.,12.013,12.02,2015.0,
800,,i.O.,i.O.,n.i.O.,12.013,12.020999999999999,2016.0,
801,,i.O.,i.O.,n.i.O.,12.013,12.025,2017.0,
802,,i.O.,i.O.,n.i.O.,12.014000000000001,12.020999999999999,2018.0,
803,,i.O.,i.O.,n.i.O.,12.015,12.023,2019.0,
804,,i.O.,i.O.,n.i.O.,12.014000000000001,12.02,2020.0,
805,,i.O.,i.O.,n.i.O.,12.014000000000001,12.024000000000001,2021.0,
806,,i.O.,i.O.,n.i.O.,12.013,12.022,2022.0,
807,,i.O.,i.O.,n.i.O.,12.012,12.026,2023.0,
808,,i.O.,i.O.,n.i.O.,12.014000000000001,12.03,2024.0,
2025,2601.0,i.O.,i.O.,n.i.O.,12.008,12.029,,1x Vc; 3x f
