,Unnamed: 0,12430012063.A1_Axis.Actual_Power,12430012063.Energy_Savings.Active_Power_Spindle1,12430012063.Energy_Savings.Active_Power_Z1,12430012063.Main_Spindle.Actual_Position_MCS,12430012063.Main_Spindle.Actual_Power,12430012063.Main_Spindle.Actual_Speed_Rate,12430012063.Main_Spindle.MPC_Peak,12430012063.Main_Spindle.MPC_Veff_Total,12430012063.Tool_Control_Center.Axial_Force_Tension,12430012063.Tool_Control_Center.Bending_Moment,12430012063.Tool_Control_Center.Symmetry,12430012063.X1_Axis.Actual_Power,12430012063.Y1_Axis.Actual_Power,12430012063.Z1_Axis.Actual_Feed_Rate,12430012063.Z1_Axis.Actual_Position_MCS,12430012063.Z1_Axis.Actual_Power,timeStamp,12430012063.Energy_Savings.Active_Power_X1,12430012063.X1_Axis.Actual_Feed_Rate,12430012063.X1_Axis.Actual_Position_MCS,12430012063.Main_Spindle.Temperature_Spindle,12430012063.Maintenance_Package.Tool_Usage_Main_lubriTOOL,12430012063.Tool_Control_Center.Axial_Force_Compression,12430012063.Y1_Axis.Actual_Feed_Rate,12430012063.Y1_Axis.Temperature_Y_Slide,12430012063.Energy_Savings.Active_Power_Y1,12430012063.Y1_Axis.Actual_Position_MCS,Messschraube,Messtaster,Grenzlehrdorn,Ebene,Bohrung
0,0,5.5,14.870326530612244,502.046,180.06852941176473,0.5,317.27777777777777,1.5,0.5,0.3611111111111111,2.333333333333333,0.17193548387096774,1.5,0.4,1832.3529411764707,-300.12692307692305,19.09090909090909,2019-11-26 12:47:55.117,,,,,,,,,,,i.O.,n.i.O.,i.O.,6,1
1,1,5.5,8.715872727272728,283.18149999999986,173.26699999999997,0.5277777777777778,317.1904761904762,1.0,1.0,0.7136363636363637,2.5,0.15742857142857142,9.5,0.6666666666666666,73.28571428571429,-297.7686956521739,16.130434782608695,2019-11-26 12:48:08.732,-69.0245,2096.0,365.145,,,,,,,,i.O.,n.i.O.,i.O.,6,2
2,2,5.5,3.195851851851852,-110.47015384615385,173.55028571428582,0.5,317.23529411764713,2.2857142857142856,1.0,0.38,0.7857142857142857,0.13806451612903226,8.666666666666666,0.8333333333333334,215.25,-297.7675362318841,14.695652173913045,2019-11-26 12:48:22.742,410.7625,4464.0,376.19,28.33363636363636,72.8,0.07777777777777778,,,,,i.O.,n.i.O.,i.O.,6,3
3,3,5.6,7.669920000000001,115.16874999999996,179.4160563380281,0.5238095238095238,317.5,1.3333333333333333,1.0,0.06000000000000001,0.5,0.1354285714285714,4.166666666666667,0.4,90.0,-297.79275362318845,12.65625,2019-11-26 12:48:36.745,4.0605,1440.0,389.29,,,0.06666666666666668,,,,,i.O.,i.O.,i.O.,6,4
4,4,5.333333333333333,13.493407407407409,494.24641666666673,182.208,0.5128205128205128,317.23076923076917,1.5,1.0,0.03333333333333333,0.5,0.1771428571428572,7.666666666666668,0.8333333333333334,-97.47368421052632,-297.7363768115942,14.214285714285715,2019-11-26 12:48:50.945,-78.4985,242.5,411.655,28.29333333333333,,0.10000000000000002,,,,,i.O.,n.i.O.,i.O.,6,5
5,5,5.6,14.663117647058822,412.8611818181818,179.32600000000005,0.5333333333333333,317.5,2.0,0.5,,0.5,0.12352941176470587,0.8571428571428571,0.7142857142857143,-26.73684210526316,-297.74666666666667,17.291666666666668,2019-11-26 12:49:04.990,-98.7995,3343.5,425.38,28.265,72.79,0.11,,,,,i.O.,n.i.O.,i.O.,6,6
6,6,5.5,16.28056603773585,-17.789923076923035,175.95385714285715,0.5588235294117647,317.3,2.4,1.0,,0.5,0.1465714285714286,5.0,0.8571428571428571,19.61111111111111,-297.7992753623189,16.652173913043477,2019-11-26 12:49:18.957,248.3525,4426.5,438.215,28.255,,0.15000000000000002,,,,,i.O.,n.i.O.,i.O.,6,7
7,7,5.5,3.2638297872340427,-216.68845454545453,186.0415492957747,0.5,317.22222222222223,1.5,0.5,,0.5,0.16393939393939394,4.5,0.8,243.0,-297.693768115942,13.59375,2019-11-26 12:49:32.960,240.45733333333337,2991.333333333333,452.79333333333335,28.235,72.78,0.15000000000000008,,,,,i.O.,i.O.,i.O.,6,8
8,8,5.5,5.752483333333334,195.83355555555562,179.1664285714286,0.4888888888888889,317.22222222222223,2.5,1.0,,0.5,0.14333333333333334,0.6153846153846154,2.0,66.0,-297.73550724637687,12.769230769230768,2019-11-26 12:49:47.162,0.0,0.0,471.68,28.2,,0.15000000000000002,1440.0,26.62,,,i.O.,n.i.O.,i.O.,6,9
9,9,5.5,10.607382978723408,484.9211538461538,179.73718309859157,0.5277777777777778,317.29411764705884,2.25,1.0,,0.5,0.16470588235294115,7.5,0.8571428571428571,-170.0,-297.77420289855075,14.0,2019-11-26 12:50:01.175,1262.7396666666666,-11969.0,374.22,28.17,,0.15000000000000005,1535.5,26.62,85.286,-399.765,i.O.,n.i.O.,i.O.,6,10
10,10,5.5,9.587392857142856,277.2754166666667,182.69464788732398,0.5142857142857142,317.2,2.5,1.0,,0.5,0.1357142857142857,12.666666666666664,0.42857142857142855,-85.15789473684211,-296.3880000000001,17.318181818181817,2019-11-26 12:50:15.372,118.19833333333332,4826.0,368.25,28.162857142857145,72.77,0.15555555555555556,,26.620000000000005,,,i.O.,n.i.O.,i.O.,6,11
11,11,5.5,7.37496153846154,-183.11699999999996,187.23228571428558,0.4883720930232558,317.14285714285717,2.5,1.0,,0.5,0.123125,10.0,0.6666666666666666,181.2,-297.61470588235295,15.111111111111109,2019-11-26 12:50:29.586,120.454,2418.5,382.38,28.135,,0.14705882352941185,,26.620000000000005,,,i.O.,n.i.O.,i.O.,6,12
12,12,5.6,11.24044827586207,-71.18391666666669,172.18842857142863,0.5142857142857142,317.1764705882353,2.0,1.0,,0.5,0.13161290322580646,0.5,1.0,247.8125,-297.76594202898553,13.590909090909092,2019-11-26 12:50:43.606,0.0,129.5,396.68,28.13,72.76,0.1529411764705883,,26.621538461538464,,,i.O.,i.O.,i.O.,6,13
13,13,5.5,8.820440000000003,390.92110000000014,177.65014285714284,0.4883720930232558,317.3,2.2857142857142856,0.6,,0.5,0.1166666666666667,1.0,0.5,-96.25,-297.79217391304354,14.043478260869565,2019-11-26 12:50:57.579,-21.6545,0.0,411.675,28.102857142857147,,0.18666666666666668,,26.620000000000005,,,i.O.,i.O.,i.O.,6,14
14,14,5.4,5.788660377358491,355.2130909090909,184.64436619718307,0.5,317.26666666666665,2.8,1.0,,0.5,0.1472727272727273,2.764705882352941,0.4,-83.86666666666666,-297.7640579710145,15.88,2019-11-26 12:51:11.595,177.298,3951.0,427.66333333333336,,,0.1444444444444445,,26.620000000000005,,,i.O.,n.i.O.,i.O.,6,15
15,15,5.6,8.481192307692309,-54.087307692307675,191.49371428571428,0.5151515151515151,317.375,2.333333333333333,0.0,,0.5,0.10705882352941178,6.2,0.75,178.8125,-297.74304347826086,15.7,2019-11-26 12:51:25.799,10.1505,2418.5,441.84,28.066000000000006,72.75,0.1571428571428572,,26.62,,,i.O.,n.i.O.,i.O.,6,16
16,16,5.5,7.321327272727275,-21.702727272727277,172.82114285714292,0.4857142857142857,317.2916666666667,1.75,1.0,,0.5,0.15181818181818182,0.5,0.75,157.53846153846158,-297.7407246376811,13.2,2019-11-26 12:51:39.794,0.0,0.0,456.68,28.03,,0.15000000000000002,,,,,i.O.,n.i.O.,i.O.,6,17
17,17,5.5,6.624072727272727,460.67509090909095,179.97099999999998,0.5,317.35714285714283,2.5,0.5,,0.5,0.12515151515151515,2.333333333333333,0.5,-135.3125,-297.7020289855073,14.296296296296294,2019-11-26 12:51:53.789,-75.7915,7.0,471.655,28.035,,0.1529411764705883,,,,,i.O.,i.O.,i.O.,6,18
18,18,5.75,9.929821428571428,226.1410833333334,187.14138888888886,0.5,317.1818181818182,2.4,0.0,,0.5,0.11942857142857145,12.0,1.125,-55.24,-297.7279710144928,15.4375,2019-11-26 12:52:07.796,1042.13225,-6828.75,378.12,,72.74,0.1666666666666667,1494.666666666667,,57.54233333333334,-384.75666666666666,i.O.,n.i.O.,i.O.,6,19
19,19,5.6,7.343574468085108,-132.13376923076922,182.59814285714288,0.5384615384615384,317.4,1.2,1.0,,0.5,0.10515151515151516,4.666666666666667,0.75,203.16666666666663,-297.57691176470587,14.666666666666664,2019-11-26 12:52:22.223,0.6765,921.5,366.745,28.003333333333334,,0.15000000000000005,,,,,i.O.,n.i.O.,i.O.,6,20
20,20,5.333333333333333,5.7525,201.58425000000008,172.59328571428566,0.5,317.0625,1.3333333333333333,1.0,,0.5,0.1503125,2.0,0.8333333333333334,105.35,-297.7075362318841,13.2,2019-11-26 12:52:36.210,0.0,0.0,381.68,27.99,72.73,0.1529411764705883,,,,,i.O.,n.i.O.,i.O.,6,21
21,21,5.5,2.6844799999999998,546.6553,172.87514285714298,0.5,317.25,2.5,0.5,,0.5,0.12848484848484848,5.166666666666667,0.5,-140.16666666666666,-297.764347826087,15.576923076923075,2019-11-26 12:52:50.219,-203.6895,533.0,396.565,27.975000000000005,,0.15555555555555556,,,,,i.O.,n.i.O.,i.O.,6,22
22,22,5.5,6.015666666666667,103.7272307692308,175.1585915492958,0.5,317.375,1.625,1.0,,0.5,0.1084375,17.0,0.6,175.94117647058826,-297.7957971014493,16.333333333333332,2019-11-26 12:53:04.229,283.3156666666667,5134.0,411.1466666666667,,,0.15000000000000008,,,,,i.O.,n.i.O.,i.O.,6,23
23,23,5.6,2.840740740740741,-132.5903636363636,179.23328571428573,0.4864864864864865,317.0588235294117,1.6666666666666667,1.0,,0.5,0.14228571428571432,0.5,0.7,183.36842105263162,-297.76782608695646,13.91304347826087,2019-11-26 12:53:18.440,0.0,360.0,426.72,27.92,72.72,0.14761904761904768,,,,,i.O.,n.i.O.,i.O.,6,24
24,24,5.5,4.4877659574468085,393.9985,178.33142857142857,0.5,317.4,2.0,1.0,,0.5,0.14457142857142855,0.0,0.7,147.66666666666666,-297.77594202898564,13.285714285714285,2019-11-26 12:53:32.480,,0.0,441.68,,,0.15263157894736848,,,,,i.O.,n.i.O.,i.O.,6,25
25,25,5.5,6.268711538461538,474.5078333333333,178.7547142857143,0.5,317.23809523809524,2.2,0.5,,0.5,0.14970588235294116,4.833333333333333,0.5,-102.2,-297.768695652174,14.714285714285715,2019-11-26 12:53:46.431,-119.101,373.5,456.635,27.905,,0.15500000000000005,,26.655,,,i.O.,n.i.O.,i.O.,6,26
26,26,5.5,8.595603448275869,179.0478,179.6164788732395,0.5151515151515151,317.0,1.25,0.5,,0.5,0.1623529411764706,2.2068965517241383,3.2,-33.46666666666667,-297.7585507246377,15.962962962962965,2019-11-26 12:54:00.463,362.716,-934.3333333333335,469.03,27.90333333333333,72.71,0.15000000000000008,3293.0,26.655,32.881,-379.99,i.O.,n.i.O.,i.O.,6,27
27,27,5.333333333333333,11.007777777777774,-124.4516363636364,190.6360563380281,0.5,317.125,1.5,0.5,,0.5,0.14583333333333334,3.333333333333333,1.375,156.16666666666666,-297.75913043478266,14.166666666666664,2019-11-26 12:54:14.676,-1766.211,-8319.0,358.1333333333334,,,0.15909090909090914,607.5,26.655,-7.193,-366.745,i.O.,n.i.O.,i.O.,6,28
28,28,5.5,10.76485964912281,355.8575,179.76985714285718,0.5,317.07692307692315,2.0,0.5,,0.5,0.1796774193548387,0.5,0.7,43.42857142857143,-297.7831884057972,13.347826086956523,2019-11-26 12:54:28.860,,0.0,366.68,,72.7,0.15000000000000005,,26.655882352941173,,,i.O.,n.i.O.,i.O.,6,29
29,29,5.5,6.7676274509803935,297.6137142857143,179.3392957746479,0.4883720930232558,317.375,1.6666666666666667,0.5,,0.5,0.1933333333333333,14.0,0.42857142857142855,-158.69230769230768,-296.35628571428583,16.333333333333332,2019-11-26 12:54:42.858,-40.60266666666664,3741.0,384.40333333333336,27.872000000000003,,0.15200000000000008,,26.655,,,i.O.,n.i.O.,i.O.,6,30
30,30,5.5,5.419000000000001,1.6954545454545666,181.36871428571428,0.5151515151515151,317.2857142857143,1.5,0.75,,0.5,0.1490625,7.5,0.7777777777777778,113.53846153846152,-297.57764705882363,15.72,2019-11-26 12:54:57.065,118.42399999999999,2418.5,397.38,27.875,,0.14736842105263165,,26.655,,,i.O.,i.O.,i.O.,6,31
31,31,5.6,4.793733333333334,6.273454545454569,181.65057142857142,0.5,317.14285714285717,1.3333333333333333,1.0,,0.5,0.16558823529411767,0.5,0.75,138.42105263157896,-297.7357971014493,13.444444444444445,2019-11-26 12:55:11.076,0.0,0.0,411.68,27.845,72.69,0.15000000000000008,,,,,i.O.,n.i.O.,i.O.,6,32
32,32,5.5,6.275418181818183,449.79541666666665,180.53826086956525,0.5,317.5,0.5,1.0,,0.5,0.13034482758620694,1.4285714285714286,0.7,-200.875,-297.78492753623186,13.642857142857142,2019-11-26 12:55:25.076,-20.978,23.0,426.675,27.84,,0.14736842105263162,,26.655,,,i.O.,i.O.,i.O.,6,33
33,33,5.428571428571429,6.90298,226.76275000000007,169.81157142857148,0.4878048780487805,317.25,2.0,0.5,,0.5,0.12862068965517245,5.222222222222221,0.42857142857142855,-5.4,-296.3874285714285,16.16,2019-11-26 12:55:39.428,108.27333333333335,4579.666666666667,443.29333333333335,,,0.15000000000000002,,26.655,,,i.O.,n.i.O.,i.O.,6,34
34,34,5.6,14.870265306122448,-192.95109090909088,177.99507462686566,0.6585365853658537,317.3636363636364,0.0,1.0,,0.5,0.1288,2.3076923076923075,0.6666666666666666,244.78571428571428,-297.0403174603176,14.655172413793107,2019-11-26 12:55:53.599,58.196999999999996,1742.5,457.105,,72.68,0.15000000000000002,,,,,i.O.,n.i.O.,i.O.,6,35
35,35,5.5,6.3916458333333335,50.54380000000001,186.23441176470584,0.5135135135135135,317.2857142857143,2.333333333333333,0.6666666666666666,,0.5,0.13142857142857145,0.5,1.6666666666666667,117.86666666666666,-297.66636363636366,13.26086956521739,2019-11-26 12:56:07.472,0.0,0.0,471.68,27.815,,0.15000000000000005,518.0,,,,i.O.,i.O.,i.O.,6,36
36,36,5.5,5.711702127659575,436.73983333333337,191.31338461538445,0.4871794871794872,317.5,0.0,0.5,,,0.1417391304347826,4.333333333333333,0.8,-52.41666666666666,-297.6669841269841,14.636363636363635,2019-11-26 12:56:21.657,1101.6826666666668,-11962.0,383.1,27.812857142857148,72.67,0.15,1990.5,,77.066,-354.4650000000001,i.O.,n.i.O.,i.O.,6,37
37,37,5.5,6.391648148148148,215.10608333333343,175.4619718309859,0.5135135135135135,317.3076923076923,1.5,0.0,,,0.13956521739130434,10.25,0.6666666666666666,-45.05263157894736,-297.6702985074627,16.416666666666668,2019-11-26 12:56:35.831,158.80100000000004,4950.0,367.85666666666674,27.815,,,,,,,i.O.,n.i.O.,i.O.,6,38
38,38,5.6,10.386354166666667,-196.393,176.3024615384615,0.5,317.2105263157895,2.0,0.75,0.05,,0.14782608695652175,6.0,0.7777777777777778,229.9230769230769,-297.4932307692308,15.208333333333336,2019-11-26 12:56:49.911,21.6545,1166.5,381.91,,,0.1375,,,,,i.O.,n.i.O.,i.O.,6,39
39,39,5.5,7.37498076923077,109.87027272727276,184.85784615384617,0.5,317.1764705882353,0.5,0.5,0.06666666666666668,0.5,0.13,0.6666666666666666,0.7,70.42105263157895,-297.4128125,13.235294117647056,2019-11-26 12:57:03.849,0.0,0.0,396.68,27.776,72.66,0.05,,,,,i.O.,n.i.O.,i.O.,6,40
40,40,5.4,8.159553191489362,431.55107692307683,190.5692647058824,0.4883720930232558,317.38461538461536,2.0,1.0,0.04666666666666666,0.5,0.13692307692307693,4.333333333333333,0.625,-38.285714285714285,-296.13484848484853,15.3,2019-11-26 12:57:17.908,-80.75399999999999,2483.333333333333,415.65,27.78,,0.06999999999999999,,,,,i.O.,n.i.O.,i.O.,6,41
41,41,5.5,13.848481481481485,174.6003076923077,166.27151515151522,0.5,317.3125,0.0,0.0,,,0.17208333333333334,2.1818181818181817,1.0,13.952380952380953,-297.4326153846153,16.076923076923073,2019-11-26 12:57:32.110,417.5295,4123.5,428.96,,,0.05,,,,,i.O.,n.i.O.,i.O.,6,42
42,42,5.6,17.780327272727273,-221.7891666666666,180.73442857142854,0.5,317.2142857142857,1.5,0.5,0.05,,0.1555555555555556,4.6,0.7272727272727273,91.16666666666669,-297.6667164179105,14.91304347826087,2019-11-26 12:57:45.953,36.5425,1440.0,442.0,,72.65,0.1,,,,,i.O.,n.i.O.,i.O.,6,43
43,43,5.5,12.131020408163266,127.24000000000004,178.77970588235297,0.5,317.23076923076917,2.0,1.0,,0.5,0.21230769230769234,0.8,0.625,70.0,-297.74397058823524,13.15,2019-11-26 12:58:00.072,0.0,0.0,456.68,,,0.075,,,,,i.O.,n.i.O.,i.O.,6,44
44,44,7.0,3.3640350877192984,377.74113333333327,185.23785714285717,0.5142857142857142,317.5,0.5,1.0,,0.5,0.16153846153846152,11.222222222222221,2.0,-161.08333333333334,-297.65661764705885,13.84375,2019-11-26 12:58:13.910,2015.6913333333328,-9026.0,464.2866666666667,27.745,72.64,0.15000000000000002,3857.0,,178.793,-347.77,i.O.,n.i.O.,i.O.,6,45
45,45,5.5,9.000510204081634,198.71599999999998,183.26469696969696,0.5,317.3888888888889,2.0,0.0,,0.5714285714285714,0.2396153846153847,9.75,0.8571428571428571,35.46153846153846,-298.64515625000007,17.1,2019-11-26 12:58:28.735,423.62,4123.5,353.9600000000001,27.74333333333333,,0.15000000000000002,0.0,26.685,0.0,-335.54,i.O.,n.i.O.,i.O.,6,46
46,46,5.6,8.271490196078433,-237.9843,180.55808823529406,0.4888888888888889,317.3,0.3333333333333333,0.75,,0.4,0.2366666666666666,5.5,0.75,130.25,-298.95880597014917,14.956521739130435,2019-11-26 12:58:42.693,4.0605,705.5,366.79,27.745,,0.15000000000000002,,,,,i.O.,i.O.,i.O.,6,47
47,47,5.5,7.670000000000001,287.63700000000006,191.16597014925372,0.5,317.29411764705884,2.0,0.5,0.05714285714285715,0.5,0.25230769230769234,1.0,0.5,103.8,-297.72088235294115,13.08,2019-11-26 12:58:56.542,0.0,0.0,381.68,,72.63,0.06,,,,,i.O.,n.i.O.,i.O.,6,48
48,48,5.333333333333333,10.130113207547174,423.6603846153846,195.23691176470584,0.5,316.95,1.75,0.5,0.05,0.5,0.20038461538461536,5.142857142857143,0.6,-171.69230769230768,-297.6840298507463,15.107142857142858,2019-11-26 12:59:10.507,-52.332,3112.333333333333,400.09,27.712,,0.05833333333333333,,26.685,,,i.O.,n.i.O.,i.O.,6,49
49,49,5.6,6.66954347826087,130.36920000000003,172.56441176470594,0.5,317.23809523809524,0.0,1.0,0.05,0.5555555555555556,0.20233333333333334,15.0,0.7,136.64285714285714,-297.7439705882353,15.481481481481481,2019-11-26 12:59:24.577,0.0,0.0,411.68,27.715,72.62,0.05,,26.685,,,i.O.,n.i.O.,i.O.,6,50
50,50,5.5,6.036518518518517,-68.721,179.50514285714286,0.5,317.1,2.0,1.0,0.05,0.4545454545454545,0.22960000000000005,0.4615384615384616,0.6666666666666666,140.6,-297.5055223880597,14.0,2019-11-26 12:59:38.731,351.212,2463.333333333333,422.69,,,0.05,,26.68636363636364,,,i.O.,n.i.O.,i.O.,6,51
51,51,5.333333333333333,3.5674418604651166,339.9110833333333,177.5656923076923,0.5,317.375,1.5,0.6,0.05,0.5,0.18703703703703706,6.5,0.42857142857142855,-74.63636363636364,-295.89859375,13.555555555555555,2019-11-26 12:59:52.712,-496.705,1763.5,448.74,,,0.05,,26.685,,,i.O.,n.i.O.,i.O.,6,52
52,52,5.5,6.11968085106383,332.1399166666667,179.0694202898551,0.5,317.1904761904762,1.4,1.0,0.05,0.5,0.21931034482758616,1.9166666666666667,0.6666666666666666,-56.764705882352935,-297.4678787878788,15.961538461538463,2019-11-26 13:00:07.045,250.3825,4466.5,460.715,,72.61,0.05,,26.683846153846158,,,i.O.,i.O.,i.O.,6,53
53,53,6.0,3.5509074074074074,-47.09333333333331,176.36700000000005,0.5,317.1666666666667,1.0,0.5,0.05,0.5555555555555556,0.20923076923076925,2.4615384615384617,1.8571428571428568,74.4375,-297.75955882352946,15.461538461538463,2019-11-26 13:00:20.986,82.5585,-2073.5,471.125,,,0.05,1040.0,26.685,6.165,-335.4,i.O.,n.i.O.,i.O.,6,54
54,54,5.333333333333333,8.367254545454548,453.0074444444445,171.9182857142857,0.5142857142857142,317.26666666666665,1.0,0.6,0.05,0.5,0.1682142857142857,2.333333333333333,0.75,3412.222222222222,-299.3971641791045,12.310344827586205,2019-11-26 13:00:35.327,-711.898,-15923.5,368.085,,,0.05,1733.0,26.69,19.5235,-322.5900000000001,i.O.,n.i.O.,i.O.,6,55
55,55,5.5,12.131000000000002,390.2016428571429,179.2797101449275,0.5277777777777778,317.42105263157896,2.333333333333333,1.0,0.05,0.5,0.15517241379310345,6.5,0.6,-150.93333333333334,-296.1751470588235,14.85,2019-11-26 13:00:49.222,-122.25866666666668,2094.0,370.9533333333334,27.685,72.6,0.05,,26.685,,,i.O.,n.i.O.,i.O.,6,56
56,56,5.5,10.491905660377359,219.2318181818182,180.89926470588242,0.5675675675675675,317.39130434782606,1.75,0.5,0.05,0.4545454545454545,0.1766666666666667,17.0,0.7,-86.375,-297.4321212121212,16.391304347826086,2019-11-26 13:01:03.148,407.379,4252.0,384.24,27.680000000000003,,0.05,,,,,i.O.,i.O.,i.O.,6,57
57,57,5.6,10.853679245283017,-134.79445454545453,183.9325,0.5833333333333334,317.23076923076917,1.0,1.0,0.047058823529411764,0.5,0.1692857142857143,2.2,0.8333333333333334,213.46153846153842,-297.5559090909091,14.730769230769232,2019-11-26 13:01:17.381,3.3835,705.5,396.79,,,0.05714285714285715,,,,,i.O.,i.O.,i.O.,6,58
58,58,5.5,9.587423076923079,277.8971,172.50956521739124,0.4864864864864865,317.25,2.0,0.0,0.05,0.5555555555555556,0.1941379310344828,1.3333333333333333,0.5,5.153846153846153,-297.6789705882353,13.304347826086955,2019-11-26 13:01:31.404,0.0,0.0,411.68,,72.59,0.06000000000000001,,,,,i.O.,i.O.,i.O.,6,59
59,59,5.333333333333333,2.8943207547169814,514.2029,173.07191176470582,0.5128205128205128,317.5,2.333333333333333,0.5,0.053846153846153835,0.4,0.1288888888888889,4.666666666666667,0.6,-186.33333333333331,-297.6759090909091,18.466666666666665,2019-11-26 13:01:45.233,-62.25733333333334,3321.666666666666,429.8766666666667,27.65,,0.04444444444444445,,,,,i.O.,i.O.,i.O.,6,60
60,60,5.5,5.9267818181818175,75.0336923076923,187.1751428571429,0.4888888888888889,317.4444444444445,0.5,0.6666666666666666,0.05,0.5384615384615384,0.11319999999999998,22.5,0.7777777777777778,2141.090909090909,-297.6291176470589,15.61904761904762,2019-11-26 13:01:59.725,349.8585,3565.5,443.19,27.64818181818182,72.58,0.05,,,,,i.O.,n.i.O.,i.O.,6,61
61,61,6.0,6.391647058823528,-144.54379999999995,188.16115942028978,0.5128205128205128,317.10526315789474,1.0,1.0,0.042857142857142864,0.5,0.1248,0.5,0.7,167.94117647058823,-297.4874242424242,13.91304347826087,2019-11-26 13:02:13.611,0.0,360.0,456.72,27.649999999999995,,0.05000000000000001,,,,,i.O.,i.O.,i.O.,6,62
62,62,7.0,3.7516086956521737,460.4085714285714,179.71499999999997,0.4827586206896552,317.4,1.75,1.0,0.07777777777777778,0.5,0.12413793103448276,4.727272727272728,1.625,3.363636363636364,-297.699104477612,13.625,2019-11-26 13:02:27.622,5400.14,-17187.0,451.29,,,0.05,4386.0,,191.123,-315.44,i.O.,n.i.O.,i.O.,6,63
63,63,5.0,13.582250000000002,588.3295555555555,181.65941176470596,0.5,317.0625,1.5,0.5,0.05,0.5,0.1381481481481481,7.0,0.8571428571428571,-34.76470588235294,-297.5654545454545,16.59090909090909,2019-11-26 13:02:41.789,-74.438,2316.6666666666665,354.8900000000001,,72.57,0.053846153846153835,52.5,,-2.055,-305.565,i.O.,n.i.O.,i.O.,6,64
64,64,5.5,7.28644,275.0995,185.0606060606061,0.5,317.3333333333333,1.5,1.0,0.06666666666666668,0.4615384615384616,0.14458333333333334,19.0,0.8333333333333334,352.5238095238095,-297.5536363636364,14.454545454545455,2019-11-26 13:02:56.029,228.051,3049.5,367.745,,,0.045454545454545456,,26.715,,,i.O.,n.i.O.,i.O.,6,65
65,65,5.666666666666668,8.21783673469388,-47.71491666666668,181.8483333333334,0.5,317.5,0.0,1.0,0.05000000000000001,0.5714285714285714,0.15416666666666665,1.0,0.75,97.5,-297.6111940298508,14.36842105263158,2019-11-26 13:03:09.938,0.0,14.5,381.68,,72.56,0.05,,26.715,,,i.O.,n.i.O.,i.O.,6,66
66,66,5.5,8.481192307692309,398.972,170.37217391304347,0.5,317.3125,1.3333333333333333,0.6666666666666666,0.05,0.5,0.158,2.5,0.5,-106.35294117647058,-297.7180597014926,14.428571428571427,2019-11-26 13:03:23.974,-5.4135,0.0,396.68,27.6,,0.05,,26.72,,,i.O.,n.i.O.,i.O.,6,67
67,67,5.4,6.902980000000001,212.6193076923077,171.3161428571429,0.5,317.3,2.333333333333333,1.0,0.05,0.3333333333333333,0.15230769230769228,11.0,0.6,-69.63636363636364,-297.6973913043479,15.777777777777779,2019-11-26 13:03:38.209,102.85999999999996,4579.666666666667,413.29333333333335,27.615,,0.05,,26.71333333333333,,,i.O.,i.O.,i.O.,6,68
68,68,6.0,3.9797169811320754,-232.09899999999993,179.56500000000003,0.5,317.3888888888889,2.25,0.0,0.06,0.52,0.15937499999999996,2.7777777777777777,0.7777777777777778,151.58823529411762,-297.76710144927534,14.851851851851851,2019-11-26 13:03:52.263,36.5425,1440.0,427.0,27.615,72.55,0.056521739130434775,,26.715,,,i.O.,n.i.O.,i.O.,6,69
69,69,,10.092035087719298,133.16690000000003,181.25714285714287,0.5,317.3157894736842,1.3333333333333333,1.0,0.06521739130434782,0.4615384615384616,0.17228571428571435,1.0,0.7,66.36842105263158,-297.74579710144934,12.703703703703706,2019-11-26 13:04:05.999,0.0,0.0,441.68,,,0.052941176470588235,,26.715,,,i.O.,n.i.O.,i.O.,6,70
70,70,,2.6318431372549016,463.9389166666666,179.77842857142858,0.5,317.5,2.5,0.5,0.05000000000000001,0.5,0.136969696969697,3.25,0.6666666666666666,-95.33333333333331,-297.76840579710154,13.903225806451614,2019-11-26 13:04:19.997,-78.4985,242.5,456.655,27.585,,0.04736842105263157,,26.715,,,i.O.,n.i.O.,i.O.,6,71
71,71,5.5,6.527680851063831,187.28525,173.23633802816897,0.5,317.1764705882353,1.3333333333333333,1.0,0.058333333333333334,0.5217391304347826,0.16411764705882356,4.0,2.0,86.76470588235294,-297.7855072463768,15.5,2019-11-26 13:04:33.996,327.52733333333333,-1076.0,469.19333333333327,27.585,72.54,0.05,3158.0,26.71615384615385,34.936,-304.99,i.O.,i.O.,i.O.,6,72
72,72,5.333333333333333,11.799903846153846,-128.18190909090907,180.92211267605637,0.5454545454545454,317.3,2.1666666666666665,1.0,0.06400000000000003,0.48,0.13909090909090913,6.166666666666668,1.375,198.66666666666663,-297.75811594202906,13.892857142857142,2019-11-26 13:04:48.274,-1789.896,-8319.0,358.1333333333334,27.58285714285714,,0.05,675.0,26.715,-4.11,-291.745,i.O.,n.i.O.,i.O.,6,73
73,73,5.6,4.135745098039215,353.43290000000013,181.79485714285718,0.5121951219512195,317.15,1.5,1.0,0.05666666666666668,0.5238095238095238,0.16030303030303036,0.5,0.75,-40.06666666666667,-297.78507246376813,13.476190476190474,2019-11-26 13:05:02.439,,0.0,366.68,,72.53,0.05,,26.715,,,i.O.,i.O.,i.O.,6,74
74,74,5.4,8.647431372549018,556.3028181818181,181.36,0.5,317.38461538461536,1.6666666666666667,1.0,0.04782608695652173,0.4827586206896552,0.14999999999999994,11.333333333333336,0.6666666666666666,-136.69230769230768,-296.35742857142856,16.727272727272727,2019-11-26 13:05:16.415,-121.80766666666666,3547.0,384.97666666666674,,,0.05,,,,,i.O.,n.i.O.,i.O.,6,75
75,75,5.5,3.2561320754716983,110.50608333333334,173.33885714285717,0.5,317.2,1.5,0.0,0.05909090909090909,0.5,0.18172413793103448,11.0,0.7777777777777778,60.55,-297.6114705882353,15.5,2019-11-26 13:05:30.629,347.8285,3565.5,398.19,,,0.05,,,,,i.O.,n.i.O.,i.O.,6,76
76,76,5.666666666666668,3.6874999999999987,-131.57300000000004,185.50385714285716,0.5,317.25,1.0,0.8,0.05588235294117648,0.5,0.1308823529411765,1.5,0.7,168.91666666666666,-297.7381159420289,13.72,2019-11-26 13:05:44.680,0.0,360.0,411.72,,72.52,0.05,,,,,i.O.,i.O.,i.O.,6,77
77,77,,4.451339285714285,305.36463636363635,187.6001428571429,0.5,317.3,1.5,1.0,0.05357142857142858,0.5,0.17558823529411768,0.5,0.5,104.8,-297.79304347826087,13.578947368421053,2019-11-26 13:05:58.644,,0.0,426.68,27.555,,0.06,,,,,i.O.,n.i.O.,i.O.,6,78
78,78,5.0,1.0853773584905666,427.50328571428565,175.3545070422535,0.4883720930232558,317.27272727272725,2.2,0.5,0.05172413793103449,0.5238095238095238,0.16,5.142857142857143,0.6,-115.13636363636364,-297.7950724637681,15.625,2019-11-26 13:06:12.641,-112.78466666666668,3134.666666666666,445.2433333333333,27.55333333333333,,0.05,,,,,i.O.,i.O.,i.O.,6,79
79,79,5.5,4.51172549019608,153.61481818181826,172.8532857142857,0.5,317.26666666666665,2.4,1.0,0.05,0.4615384615384616,0.14060606060606062,4.2,0.7,-7.666666666666668,-297.7369565217391,16.04,2019-11-26 13:06:26.862,391.13800000000003,4123.5,458.435,27.555,72.51,0.05,,,,,i.O.,n.i.O.,i.O.,6,80
80,80,6.0,4.687199999999999,-175.31750000000005,181.60157142857136,0.5128205128205128,317.4,2.25,1.0,0.05,0.5,0.1575757575757576,0.4666666666666667,0.7,268.4,-299.16544117647067,14.217391304347824,2019-11-26 13:06:40.868,0.0,0.0,471.68,27.555,,0.05,,,,,i.O.,n.i.O.,i.O.,6,81
